"nodeID","nodeLabel","latitude","longitude","country_name","country_ISO3"
"1","De-Panne",51.0771609999998,2.59937349999979,"Belgium","BEL"
"6","Koksijde",51.0791859999999,2.6537279999998,"Belgium","BEL"
"9","Veurne",51.0740824999998,2.6752074999998,"Belgium","BEL"
"10","Poperinge",50.8523684999998,2.73711899999981,"Belgium","BEL"
"16","Diksmuide",51.0334479999999,2.87014549999981,"Belgium","BEL"
"19","Ieper",50.8479429999998,2.87402349999979,"Belgium","BEL"
"26","Oostende",51.2299619999998,2.9252094999998,"Belgium","BEL"
"44","Kortemark",51.0253114999998,3.04533699999979,"Belgium","BEL"
"47","Wervik",50.7820299999998,3.0485764999998,"Belgium","BEL"
"53","Torhout",51.0657814999998,3.1060104999998,"Belgium","BEL"
"60","Menen",50.8003144999998,3.1129434999998,"Belgium","BEL"
"61",,51.0286224999998,3.1161624999998,"Belgium","BEL"
"63",,51.0304114999998,3.11806899999979,"Belgium","BEL"
"64",,51.0277374999998,3.12247549999981,"Belgium","BEL"
"68","Lichtervelde",51.0259634999998,3.12553199999979,"Belgium","BEL"
"70",,51.0244524999999,3.12812749999981,"Belgium","BEL"
"71","Roeselare",50.9497419999998,3.12979849999979,"Belgium","BEL"
"72",,51.0232244999999,3.1302334999998,"Belgium","BEL"
"74",,51.0187384999998,3.13084049999981,"Belgium","BEL"
"77",,51.0190729999998,3.13476549999979,"Belgium","BEL"
"79","Blankenberge",51.3104559999998,3.1359974999998,"Belgium","BEL"
"86","Zedelgem",51.1285409999998,3.16559099999981,"Belgium","BEL"
"91","Wevelgem",50.8113144999998,3.1828289999998,"Belgium","BEL"
"98","Zwankendamme",51.3066524999998,3.1922729999998,"Belgium","BEL"
"100","Zeebrugge Dorp",51.3259349999998,3.19463299999981,"Belgium","BEL"
"101","Lissewege",51.2955974999998,3.1948074999998,"Belgium","BEL"
"103",,51.2618149999998,3.19614899999979,"Belgium","BEL"
"106",,51.2788619999998,3.19864049999981,"Belgium","BEL"
"109",,51.2676474999998,3.20120949999981,"Belgium","BEL"
"110",,51.2666364999998,3.20146199999979,"Belgium","BEL"
"111","Brugge-Sint-Pieters",51.2219814999998,3.2017394999998,"Belgium","BEL"
"122",,51.2063829999998,3.2046209999998,"Belgium","BEL"
"125",,51.2077219999998,3.20590899999979,"Belgium","BEL"
"126",,51.2474829999998,3.2062444999998,"Belgium","BEL"
"127",,51.2732384999998,3.20675699999981,"Belgium","BEL"
"129",,51.2426459999998,3.20734999999979,"Belgium","BEL"
"132",,51.2046779999998,3.2090334999998,"Belgium","BEL"
"133",,51.2041189999998,3.2096099999998,"Belgium","BEL"
"135",,50.7288544999998,3.2105874999998,"Belgium","BEL"
"137","Izegem",50.9208839999998,3.21122349999979,"Belgium","BEL"
"141",,51.2746374999998,3.2134829999998,"Belgium","BEL"
"144","Brugge",51.1975749999998,3.21603049999979,"Belgium","BEL"
"148",,50.7329714999998,3.2195609999998,"Belgium","BEL"
"152",,50.7357739999999,3.22138999999979,"Belgium","BEL"
"159","Mouscron",50.7393039999998,3.22678349999981,"Belgium","BEL"
"162","Bissegem",50.8269239999998,3.2273299999998,"Belgium","BEL"
"166",,51.1755724999998,3.2291419999998,"Belgium","BEL"
"173",,51.1765944999999,3.23084949999981,"Belgium","BEL"
"174",,51.1737524999998,3.23091549999981,"Belgium","BEL"
"175",,51.1693119999998,3.23108549999981,"Belgium","BEL"
"177",,51.1739734999998,3.23230899999979,"Belgium","BEL"
"178",,51.1720664999998,3.23256099999981,"Belgium","BEL"
"179",,51.1703594999998,3.23417649999979,"Belgium","BEL"
"183",,51.1663939999999,3.23615699999979,"Belgium","BEL"
"187","Heist",51.3327869999999,3.24052649999979,"Belgium","BEL"
"188",,51.1632164999998,3.24246699999981,"Belgium","BEL"
"189","Herseaux",50.7147689999998,3.24466699999979,"Belgium","BEL"
"194",,51.1586619999999,3.24907149999979,"Belgium","BEL"
"196","Ingelmunster",50.9153104999998,3.25045749999981,"Belgium","BEL"
"198",,50.8257069999999,3.2524109999998,"Belgium","BEL"
"199",,50.8232674999998,3.2550084999998,"Belgium","BEL"
"201","Oostkamp",51.1543699999998,3.25717849999981,"Belgium","BEL"
"202",,50.8245344999998,3.2575444999998,"Belgium","BEL"
"203",,50.8245249999999,3.25875499999981,"Belgium","BEL"
"207","Kortrijk",50.8246999999998,3.26366099999979,"Belgium","BEL"
"208","Duinbergen",51.3367049999999,3.2644559999998,"Belgium","BEL"
"216","Knokke",51.3383814999999,3.28322799999981,"Belgium","BEL"
"228","Harelbeke",50.8560224999999,3.31596999999979,"Belgium","BEL"
"235","Tielt",50.9897009999999,3.32807599999981,"Belgium","BEL"
"237","Beernem",51.1268049999998,3.33145099999979,"Belgium","BEL"
"239",,50.6344954999998,3.34533449999981,"Belgium","BEL"
"240",,50.6315809999998,3.3479249999998,"Belgium","BEL"
"242",,50.6304669999998,3.35369349999979,"Belgium","BEL"
"243","Froyennes",50.6300094999998,3.35461749999979,"Belgium","BEL"
"249","Maria-Aalter",51.1075519999998,3.38624099999979,"Belgium","BEL"
"252","Vichte",50.8334894999998,3.39460799999981,"Belgium","BEL"
"253","Tournai",50.6136324999999,3.3964549999998,"Belgium","BEL"
"256",,50.6119394999998,3.40223949999981,"Belgium","BEL"
"258",,50.6105999999998,3.4061259999998,"Belgium","BEL"
"262",,50.6103064999998,3.41083599999979,"Belgium","BEL"
"265",,50.6063049999998,3.41979949999978,"Belgium","BEL"
"266","Aarsele",50.9843454999998,3.42060749999979,"Belgium","BEL"
"269","Waregem",50.8913729999998,3.42387549999981,"Belgium","BEL"
"281","Antoing",50.5707289999998,3.45012449999979,"Belgium","BEL"
"282","Aalter",51.0917889999998,3.4504129999998,"Belgium","BEL"
"286",,50.5589419999998,3.4616904999998,"Belgium","BEL"
"287",,50.5588959999998,3.4649809999998,"Belgium","BEL"
"288",,50.5599489999998,3.47144749999978,"Belgium","BEL"
"290",,50.5588384999998,3.47368349999979,"Belgium","BEL"
"292",,50.5563589999998,3.47712799999979,"Belgium","BEL"
"293",,50.5547654999998,3.4819344999998,"Belgium","BEL"
"296","Bellem",51.0834969999999,3.48828449999979,"Belgium","BEL"
"300","Maubray",50.5482639999998,3.4949234999998,"Belgium","BEL"
"301","Anzegem",50.8253294999998,3.49553499999979,"Belgium","BEL"
"302",,50.5581289999998,3.4957459999998,"Belgium","BEL"
"314",,50.9742704999998,3.52295649999979,"Belgium","BEL"
"315",,50.9730319999998,3.5257674999998,"Belgium","BEL"
"318",,50.9746059999999,3.5278519999998,"Belgium","BEL"
"319",,50.9750949999998,3.52855299999979,"Belgium","BEL"
"322","Deinze",50.9776464999998,3.5371039999998,"Belgium","BEL"
"323","Hansbeke",51.0727199999998,3.53775949999979,"Belgium","BEL"
"328","Eeklo",51.1805314999998,3.5786869999998,"Belgium","BEL"
"329","Landegem",51.0637709999998,3.57875249999981,"Belgium","BEL"
"334","Péruwelz",50.5140349999998,3.59192449999981,"Belgium","BEL"
"335",,50.8466839999998,3.59310499999981,"Belgium","BEL"
"336",,50.8481719999998,3.5987814999998,"Belgium","BEL"
"339",,50.8431439999999,3.60013949999978,"Belgium","BEL"
"342","Oudenaarde",50.8507354999998,3.6015284999998,"Belgium","BEL"
"343","Ronse",50.7416469999998,3.60226399999979,"Belgium","BEL"
"346",,50.8557249999998,3.6071674999998,"Belgium","BEL"
"353",,50.8573804999998,3.61118549999981,"Belgium","BEL"
"358","Waarshoot",51.1547549999999,3.61446149999981,"Belgium","BEL"
"362","Leuze",50.6007884999999,3.61776899999981,"Belgium","BEL"
"368",,50.8668939999998,3.62193199999979,"Belgium","BEL"
"372","Eine",50.8714529999998,3.62426399999978,"Belgium","BEL"
"380","Eke-Nazareth",50.9625214999998,3.6279594999998,"Belgium","BEL"
"389","Gavere-Asper",50.9314354999998,3.6390619999998,"Belgium","BEL"
"395","Zingem",50.9101374999998,3.64674099999979,"Belgium","BEL"
"398","De Pinte",50.9971664999998,3.65079349999979,"Belgium","BEL"
"400","Drongen",51.0462574999999,3.65712399999981,"Belgium","BEL"
"405","Blaton",50.5055339999998,3.66525099999978,"Belgium","BEL"
"410","Sleidinge",51.1257289999998,3.66880649999979,"Belgium","BEL"
"422","Quiévrain",50.4103879999998,3.6865529999998,"Belgium","BEL"
"424",,51.0392539999998,3.68731149999979,"Belgium","BEL"
"428",,51.0358819999998,3.69006349999981,"Belgium","BEL"
"431",,51.0378769999998,3.69323949999981,"Belgium","BEL"
"434",,51.0370869999998,3.6966299999998,"Belgium","BEL"
"435",,51.0383609999998,3.69680499999978,"Belgium","BEL"
"436",,51.1091659999998,3.6969099999998,"Belgium","BEL"
"438","Harchies",50.4814534999998,3.69996699999979,"Belgium","BEL"
"440","Sint-Denis-Boekel",50.8745249999998,3.70059599999979,"Belgium","BEL"
"443",,51.1038394999999,3.70716449999981,"Belgium","BEL"
"451","Gent-Sint-Pieters",51.0349469999998,3.71253099999979,"Belgium","BEL"
"455",,51.0329389999998,3.71472899999981,"Belgium","BEL"
"456",,51.0337914999998,3.71568049999979,"Belgium","BEL"
"458",,51.0322804999998,3.71759599999979,"Belgium","BEL"
"459","Wondelgem",51.0877579999998,3.71874649999981,"Belgium","BEL"
"462",,51.0899884999998,3.7195824999998,"Belgium","BEL"
"463",,51.0317844999998,3.71992549999979,"Belgium","BEL"
"464",,51.0915154999998,3.7201559999998,"Belgium","BEL"
"468",,51.0312999999998,3.7219829999998,"Belgium","BEL"
"471",,51.1074454999998,3.72583999999981,"Belgium","BEL"
"472","Ville-Pommeroeul",50.4637189999999,3.7259534999998,"Belgium","BEL"
"476","Munkzwalm",50.8759389999998,3.73028099999979,"Belgium","BEL"
"483",,51.0308214999998,3.73353999999981,"Belgium","BEL"
"485",,51.0283624999998,3.7358039999998,"Belgium","BEL"
"487",,51.0735514999998,3.73754299999979,"Belgium","BEL"
"494",,51.0672114999998,3.74176849999981,"Belgium","BEL"
"497",,51.0703979999998,3.74243249999981,"Belgium","BEL"
"499","Gent-Dampoort",51.0556339999999,3.74275949999981,"Belgium","BEL"
"502",,51.0723874999998,3.74327749999981,"Belgium","BEL"
"505",,51.0296099999998,3.74708149999981,"Belgium","BEL"
"507","Thulin",50.4238859999998,3.7477504999998,"Belgium","BEL"
"508",,51.0289429999998,3.74821799999981,"Belgium","BEL"
"514",,51.0291319999998,3.7543674999998,"Belgium","BEL"
"515","Gentbrugge",51.0410659999998,3.75480349999981,"Belgium","BEL"
"526","Merelbeke",51.0201344999998,3.7636774999998,"Belgium","BEL"
"532",,50.6286324999998,3.7683494999998,"Belgium","BEL"
"533",,50.6270184999998,3.76897649999981,"Belgium","BEL"
"539",,50.6277014999998,3.77250699999979,"Belgium","BEL"
"551","Scheldewindeke",50.9386449999998,3.7771299999998,"Belgium","BEL"
"555","Ath",50.6273469999998,3.77926299999979,"Belgium","BEL"
"557","Moortsele",50.9512219999998,3.7802359999998,"Belgium","BEL"
"559",,50.6272549999998,3.7810919999998,"Belgium","BEL"
"566",,50.6258929999998,3.7840629999998,"Belgium","BEL"
"570",,50.6256489999998,3.7867764999998,"Belgium","BEL"
"573","Balegem-Dorp",50.9207579999998,3.7898744999998,"Belgium","BEL"
"577","Landskouter",50.9715794999998,3.79253799999981,"Belgium","BEL"
"578","Rebaix",50.6617804999998,3.79379549999979,"Belgium","BEL"
"579","Bousu",50.4357154999998,3.79411399999981,"Belgium","BEL"
"584","Melle",51.0026479999999,3.79792999999981,"Belgium","BEL"
"586",,51.0020989999998,3.79904149999979,"Belgium","BEL"
"587","Maffle",50.6148764999998,3.79935549999979,"Belgium","BEL"
"588",,50.9952969999999,3.8005349999998,"Belgium","BEL"
"589","Gontrode",50.9783519999998,3.80058499999978,"Belgium","BEL"
"592",,50.9989784999999,3.8022434999998,"Belgium","BEL"
"593",,50.9976604999999,3.80284799999978,"Belgium","BEL"
"594",,50.9941259999999,3.8029884999998,"Belgium","BEL"
"595",,50.9887814999998,3.80314949999979,"Belgium","BEL"
"597",,51.0002029999998,3.80327149999979,"Belgium","BEL"
"601",,50.9988869999999,3.80626699999979,"Belgium","BEL"
"602",,50.9900329999998,3.80711049999979,"Belgium","BEL"
"603","Balegem-Zuid",50.9012684999998,3.80744949999979,"Belgium","BEL"
"605",,50.6082579999998,3.8089189999998,"Belgium","BEL"
"607",,50.4410864999998,3.80913849999979,"Belgium","BEL"
"608",,50.4395864999998,3.80947849999978,"Belgium","BEL"
"609",,50.6057284999999,3.8097854999998,"Belgium","BEL"
"612",,50.9968764999998,3.81084849999979,"Belgium","BEL"
"613",,50.8593644999999,3.8111394999998,"Belgium","BEL"
"615",,50.6068429999999,3.81235099999981,"Belgium","BEL"
"618",,50.8598294999998,3.81332999999981,"Belgium","BEL"
"620",,50.8626524999999,3.8138289999998,"Belgium","BEL"
"622",,50.9897234999999,3.8143249999998,"Belgium","BEL"
"624",,50.8651014999998,3.81470349999981,"Belgium","BEL"
"625",,50.8751684999998,3.81499199999979,"Belgium","BEL"
"626",,50.4409564999999,3.8150889999998,"Belgium","BEL"
"627",,50.8732534999998,3.8155159999998,"Belgium","BEL"
"629","Zottegem",50.8689769999998,3.8161594999998,"Belgium","BEL"
"630",,50.9881214999998,3.8162134999998,"Belgium","BEL"
"632",,50.8759084999998,3.81762599999979,"Belgium","BEL"
"633",,50.9873474999998,3.8180259999998,"Belgium","BEL"
"634","Saint Ghislain",50.4420754999998,3.8196724999998,"Belgium","BEL"
"636",,50.9926229999998,3.82058699999979,"Belgium","BEL"
"637",,50.6103599999998,3.82059799999979,"Belgium","BEL"
"638","Papignies",50.6850399999998,3.8221014999998,"Belgium","BEL"
"639",,50.6174899999998,3.8226309999998,"Belgium","BEL"
"642","Lierde",50.8173719999998,3.8268299999998,"Belgium","BEL"
"643","Kwatrecht",50.9909644999998,3.8272694999998,"Belgium","BEL"
"648","Mévergnies-Attre",50.6006474999998,3.83149549999979,"Belgium","BEL"
"650","Houtaing",50.7028049999998,3.83497849999981,"Belgium","BEL"
"652","Lessines",50.7143219999998,3.83709149999979,"Belgium","BEL"
"654",,50.9788144999998,3.83806149999981,"Belgium","BEL"
"657",,50.6241424999998,3.84467749999979,"Belgium","BEL"
"658","Acren",50.7322319999998,3.84645549999979,"Belgium","BEL"
"662",,50.6288709999998,3.8530949999998,"Belgium","BEL"
"663","Quaregnon",50.4500124999998,3.8543879999998,"Belgium","BEL"
"664","Brugelette",50.5929874999999,3.85547599999978,"Belgium","BEL"
"666","Hillegem",50.8913654999998,3.85773649999979,"Belgium","BEL"
"667",,50.6294869999998,3.8583044999998,"Belgium","BEL"
"668",,50.6311349999998,3.85909699999979,"Belgium","BEL"
"670",,50.6316039999998,3.86394049999979,"Belgium","BEL"
"674",,50.7630549999998,3.86688699999979,"Belgium","BEL"
"677",,50.7641724999998,3.86974949999978,"Belgium","BEL"
"678",,50.7663389999998,3.8697979999998,"Belgium","BEL"
"679","Geraardsbergen",50.7716904999998,3.8715779999998,"Belgium","BEL"
"680",,50.7870604999999,3.87166449999981,"Belgium","BEL"
"682","Combron-Casteau",50.5874904999998,3.87260749999979,"Belgium","BEL"
"684",,50.7781009999999,3.8733899999998,"Belgium","BEL"
"686",,50.7816624999998,3.8743119999998,"Belgium","BEL"
"688",,50.7844354999998,3.8749444999998,"Belgium","BEL"
"690","Herzele",50.8965499999998,3.87793649999981,"Belgium","BEL"
"695","Wetteren",51.0013054999998,3.88225349999979,"Belgium","BEL"
"698","Jemappes",50.4505604999999,3.88491149999979,"Belgium","BEL"
"701","Ebrisoeul",50.5078319999998,3.88863499999979,"Belgium","BEL"
"705","Terhagen",50.9013449999998,3.89567449999979,"Belgium","BEL"
"711","Schendelbeke",50.7982074999998,3.90084299999981,"Belgium","BEL"
"714",,50.6486064999998,3.90314599999979,"Belgium","BEL"
"715",,50.6471364999998,3.9032214999998,"Belgium","BEL"
"717","Lens",50.5588959999998,3.9043829999998,"Belgium","BEL"
"719",,50.6479994999999,3.90524449999981,"Belgium","BEL"
"720",,50.5569274999998,3.90536449999979,"Belgium","BEL"
"721","Ghlin",50.4877134999998,3.90550249999978,"Belgium","BEL"
"723","Frameries",50.4065019999998,3.9063499999998,"Belgium","BEL"
"727",,50.6507934999998,3.9082879999998,"Belgium","BEL"
"728","Jurbise",50.5291949999998,3.90833999999981,"Belgium","BEL"
"732","Genly",50.3918804999998,3.90954599999981,"Belgium","BEL"
"733","Quévy",50.3420359999998,3.90991549999978,"Belgium","BEL"
"734",,50.9512489999998,3.9101019999998,"Belgium","BEL"
"740",,50.5313039999998,3.9121934999998,"Belgium","BEL"
"741",,50.5316664999998,3.91316599999979,"Belgium","BEL"
"742",,50.5382124999998,3.91424849999979,"Belgium","BEL"
"743",,50.6534139999999,3.91445099999979,"Belgium","BEL"
"744","Viane-Moerbeke",50.7517209999998,3.9145914999998,"Belgium","BEL"
"747",,50.6524179999998,3.91563299999979,"Belgium","BEL"
"755","Idegem",50.8011369999998,3.91959849999981,"Belgium","BEL"
"757","Burst",50.9067884999998,3.9198389999998,"Belgium","BEL"
"758","Schellebelle",51.0031134999998,3.92171449999981,"Belgium","BEL"
"759",,50.5352219999998,3.92363549999979,"Belgium","BEL"
"760",,51.0030789999998,3.9241389999998,"Belgium","BEL"
"761",,50.9074179999998,3.92505749999981,"Belgium","BEL"
"762",,51.0024079999998,3.92721949999981,"Belgium","BEL"
"764",,50.4494404999998,3.92981849999978,"Belgium","BEL"
"766",,50.4458969999998,3.93258899999981,"Belgium","BEL"
"768",,50.5365034999998,3.9341329999998,"Belgium","BEL"
"770",,50.9068569999998,3.93492799999979,"Belgium","BEL"
"771",,50.4495319999998,3.93496299999978,"Belgium","BEL"
"772","Bambrugge",50.9135934999998,3.93567299999981,"Belgium","BEL"
"773",,50.4506564999998,3.9361954999998,"Belgium","BEL"
"774","Silly",50.6634339999999,3.9367679999998,"Belgium","BEL"
"776","Mons",50.4547434999998,3.9402474999998,"Belgium","BEL"
"781",,50.4604459999998,3.94615999999979,"Belgium","BEL"
"783",,50.4631159999998,3.94808549999979,"Belgium","BEL"
"784",,50.4668739999998,3.9488709999998,"Belgium","BEL"
"785",,50.4668284999998,3.95021749999981,"Belgium","BEL"
"788","Zandbergen",50.8059849999999,3.95446099999981,"Belgium","BEL"
"789","Nimy",50.4706084999999,3.95548649999981,"Belgium","BEL"
"794","Serskamp",50.9848904999998,3.95858949999979,"Belgium","BEL"
"802","Masnuy-Saint-Pierre",50.5363009999998,3.9632119999998,"Belgium","BEL"
"803","Erpe-Mere",50.9283379999999,3.96375499999979,"Belgium","BEL"
"804",,50.9303069999998,3.96453749999981,"Belgium","BEL"
"805","Galmaarden",50.7443169999999,3.9652509999998,"Belgium","BEL"
"806",,50.9331749999998,3.96584999999979,"Belgium","BEL"
"807",,50.9322519999998,3.9686709999998,"Belgium","BEL"
"808",,51.0014384999998,3.96940099999981,"Belgium","BEL"
"810","Wichelen",51.0013499999998,3.97200049999981,"Belgium","BEL"
"811","Appelterre",50.8125809999999,3.97267499999981,"Belgium","BEL"
"812",,50.9396444999998,3.97442899999979,"Belgium","BEL"
"815",,51.1039434999998,3.97601649999979,"Belgium","BEL"
"816","Vijfhuizen",50.9420284999999,3.97906599999979,"Belgium","BEL"
"817",,51.1020364999999,3.97913649999981,"Belgium","BEL"
"820",,51.1056714999998,3.98175449999979,"Belgium","BEL"
"825","Lokeren",51.1069569999999,3.9847034999998,"Belgium","BEL"
"826","Lede",50.9709749999998,3.98475049999979,"Belgium","BEL"
"835","Ede",50.9114614999998,3.98988299999979,"Belgium","BEL"
"838","Tollembeek",50.7346349999999,3.99460299999978,"Belgium","BEL"
"840","Eichem",50.8251274999998,3.99571399999979,"Belgium","BEL"
"849","Obourg",50.4687159999998,4.0081859999998,"Belgium","BEL"
"851","Schoonaarde",51.0023809999998,4.01044099999979,"Belgium","BEL"
"853","Neufville",50.5441554999998,4.01192999999981,"Belgium","BEL"
"854","Herne",50.7246784999998,4.01320049999978,"Belgium","BEL"
"861","Haaltert",50.9076314999998,4.01822199999981,"Belgium","BEL"
"863","Aalst-Kerrebroek",50.9482054999998,4.02243299999981,"Belgium","BEL"
"867","Ninove",50.8394014999998,4.02572049999981,"Belgium","BEL"
"868",,50.9471079999998,4.02696999999981,"Belgium","BEL"
"869",,50.9472059999999,4.0273004999998,"Belgium","BEL"
"872",,50.9466369999998,4.0284799999998,"Belgium","BEL"
"874",,50.9453244999999,4.03167149999979,"Belgium","BEL"
"880",,50.9099389999998,4.0351679999998,"Belgium","BEL"
"881",,50.7015839999999,4.03525499999981,"Belgium","BEL"
"882",,50.6986774999998,4.0352804999998,"Belgium","BEL"
"885","Aalst",50.9423834999998,4.0397034999998,"Belgium","BEL"
"886",,50.6988684999998,4.0406969999998,"Belgium","BEL"
"888",,50.6983079999999,4.0428554999998,"Belgium","BEL"
"889","Zele",51.0727509999998,4.0428694999998,"Belgium","BEL"
"894","Enghien",50.6969879999998,4.04718349999979,"Belgium","BEL"
"897","Welle",50.9019109999998,4.05125149999981,"Belgium","BEL"
"900",,50.9032564999999,4.05411699999979,"Belgium","BEL"
"901","Okegem",50.8581849999998,4.05490699999979,"Belgium","BEL"
"902","Havre",50.4702614999999,4.0550824999998,"Belgium","BEL"
"903","Erembodegem",50.9193124999998,4.0555194999998,"Belgium","BEL"
"905",,50.9033294999998,4.0561299999998,"Belgium","BEL"
"906",,50.9025024999999,4.0562529999998,"Belgium","BEL"
"907",,50.9016264999998,4.05632549999979,"Belgium","BEL"
"910",,50.9123309999999,4.05755499999981,"Belgium","BEL"
"911",,50.9014439999999,4.05924999999979,"Belgium","BEL"
"914",,50.9008604999999,4.0609004999998,"Belgium","BEL"
"915",,50.8979879999999,4.06153699999979,"Belgium","BEL"
"916",,50.8977794999998,4.06153849999978,"Belgium","BEL"
"917",,50.8976919999998,4.06153899999978,"Belgium","BEL"
"918",,50.8981779999998,4.06162649999979,"Belgium","BEL"
"919",,50.8975824999998,4.06180549999979,"Belgium","BEL"
"920","Oudegem",51.0146529999998,4.06249649999981,"Belgium","BEL"
"924",,50.8930274999998,4.06804249999979,"Belgium","BEL"
"925","Snaai",51.1434944999998,4.0686694999998,"Belgium","BEL"
"926","Iddergem",50.8782774999999,4.06958499999979,"Belgium","BEL"
"927","Soignies",50.5738259999999,4.0712814999998,"Belgium","BEL"
"928","Denderleeuw",50.8915754999998,4.0718759999998,"Belgium","BEL"
"931",,50.8903129999998,4.07415499999979,"Belgium","BEL"
"932",,50.8856969999999,4.07496549999979,"Belgium","BEL"
"933",,50.8934904999998,4.08178999999978,"Belgium","BEL"
"935",,50.8855899999998,4.08272199999979,"Belgium","BEL"
"937","Belsele",51.1500819999999,4.08638249999979,"Belgium","BEL"
"943","Liedekerke",50.8816764999999,4.09802199999979,"Belgium","BEL"
"944","Dendermonde",51.0220154999998,4.0996389999998,"Belgium","BEL"
"945",,50.5823214999998,4.09985399999979,"Belgium","BEL"
"948","Thieu",50.4699484999998,4.10055249999979,"Belgium","BEL"
"950",,50.8815694999998,4.1046229999998,"Belgium","BEL"
"952",,51.0241629999998,4.1073824999998,"Belgium","BEL"
"953",,50.8833739999998,4.10831249999978,"Belgium","BEL"
"955",,50.8814509999998,4.1127879999998,"Belgium","BEL"
"957",,51.0232819999999,4.1135854999998,"Belgium","BEL"
"958",,50.5869829999998,4.1139569999998,"Belgium","BEL"
"961",,50.8803294999998,4.11540249999979,"Belgium","BEL"
"962","Essene-Lombeek",50.8814704999998,4.11565199999978,"Belgium","BEL"
"963","Sint-Gillis",51.0216909999998,4.11769249999981,"Belgium","BEL"
"965",,50.8784604999998,4.1197539999998,"Belgium","BEL"
"967","Bracquegnies",50.4735839999998,4.12230549999978,"Belgium","BEL"
"974",,50.5854079999998,4.12753549999979,"Belgium","BEL"
"975",,50.5980379999998,4.12958449999979,"Belgium","BEL"
"977","Erquelinnes-Village",50.3094144999998,4.13062099999979,"Belgium","BEL"
"978",,50.5997089999998,4.13155899999978,"Belgium","BEL"
"979",,50.5815474999998,4.13224299999979,"Belgium","BEL"
"984",,51.0211109999998,4.1352774999998,"Belgium","BEL"
"985","Lebbeke",51.0043304999998,4.1356374999998,"Belgium","BEL"
"989","Braine-le-Comte",50.6055949999999,4.13852549999979,"Belgium","BEL"
"990",,51.0207229999998,4.1392869999998,"Belgium","BEL"
"994","Sint-Niklaas",51.1708189999999,4.14196149999981,"Belgium","BEL"
"1002",,51.1740654999998,4.15144799999979,"Belgium","BEL"
"1004",,51.0195034999998,4.15288099999981,"Belgium","BEL"
"1006",,51.1748474999998,4.1537519999998,"Belgium","BEL"
"1008",,50.4693834999999,4.15505249999978,"Belgium","BEL"
"1009",,50.8626599999998,4.15542399999978,"Belgium","BEL"
"1011",,51.1747249999999,4.15708049999981,"Belgium","BEL"
"1013","Ecaussines",50.5617834999998,4.1572294999998,"Belgium","BEL"
"1015","Heizijde",50.9884459999998,4.15771849999979,"Belgium","BEL"
"1016","Baasrode-Zuid",51.0190394999998,4.1584009999998,"Belgium","BEL"
"1019","Solre-sur-Sambre",50.3130954999998,4.1603274999998,"Belgium","BEL"
"1022",,50.4725119999999,4.16297999999981,"Belgium","BEL"
"1026","Ternat",50.8741419999998,4.1665299999998,"Belgium","BEL"
"1034",,50.4713599999998,4.1719219999998,"Belgium","BEL"
"1037","Binche",50.4098519999998,4.1752064999998,"Belgium","BEL"
"1039","Hennuyères",50.6504294999998,4.17567299999979,"Belgium","BEL"
"1041",,50.4764329999998,4.17633899999979,"Belgium","BEL"
"1047",,51.0291039999998,4.17774349999979,"Belgium","BEL"
"1048","Marche-Lez-Ecaussines",50.5455559999998,4.1778184999998,"Belgium","BEL"
"1050",,50.4669879999998,4.17840949999979,"Belgium","BEL"
"1052",,50.4774134999998,4.17921849999979,"Belgium","BEL"
"1054","La-Louvière-Centre",50.4792789999998,4.1801509999998,"Belgium","BEL"
"1057","Nieuwkerken-Waas",51.1844484999998,4.1811609999998,"Belgium","BEL"
"1061","Opwijk",50.9750904999999,4.1863979999998,"Belgium","BEL"
"1062","Labuissière",50.3162964999999,4.18744999999979,"Belgium","BEL"
"1063","La-Louvière-Sud",50.4653784999998,4.18771949999979,"Belgium","BEL"
"1072",,50.4634974999998,4.1983654999998,"Belgium","BEL"
"1074","Buggenhout",51.0162129999999,4.19945199999981,"Belgium","BEL"
"1080","Sint-Maartens-Bodegem",50.8672334999999,4.20457099999979,"Belgium","BEL"
"1082",,51.2535924999999,4.20549549999978,"Belgium","BEL"
"1083","Tubize",50.6917199999998,4.20575599999981,"Belgium","BEL"
"1086",,51.2519409999998,4.2062764999998,"Belgium","BEL"
"1090","Asse",50.9103549999998,4.20695749999979,"Belgium","BEL"
"1091",,50.6949924999998,4.20699349999978,"Belgium","BEL"
"1095",,50.7050084999998,4.20821649999979,"Belgium","BEL"
"1097",,51.2526934999999,4.20909849999978,"Belgium","BEL"
"1098",,50.7013099999998,4.20934349999979,"Belgium","BEL"
"1101",,50.6988039999999,4.2096194999998,"Belgium","BEL"
"1102",,50.6959844999998,4.21010949999979,"Belgium","BEL"
"1104","Leval",50.4308974999998,4.2116124999998,"Belgium","BEL"
"1106","Fontaine-Valmont",50.3213924999998,4.21256099999979,"Belgium","BEL"
"1107",,50.4608999999998,4.2131094999998,"Belgium","BEL"
"1108",,50.7071769999998,4.21377199999981,"Belgium","BEL"
"1110",,51.2512254999998,4.21433299999978,"Belgium","BEL"
"1111","Familleureux",50.5178229999999,4.2144064999998,"Belgium","BEL"
"1114","Mollem",50.9332664999998,4.21691299999981,"Belgium","BEL"
"1115",,50.4609224999998,4.2170044999998,"Belgium","BEL"
"1119","Lembeek",50.7128149999998,4.2192919999998,"Belgium","BEL"
"1120",,50.5085299999998,4.2196744999998,"Belgium","BEL"
"1121",,50.5099609999998,4.2197644999998,"Belgium","BEL"
"1122",,50.4587409999998,4.22035499999978,"Belgium","BEL"
"1123",,50.5144199999998,4.2203919999998,"Belgium","BEL"
"1128","Merchtem",50.9548799999998,4.22265049999979,"Belgium","BEL"
"1132","Temse",51.1254889999998,4.2240849999998,"Belgium","BEL"
"1139",,50.5112424999998,4.22596399999981,"Belgium","BEL"
"1144","Malderen",51.0143474999998,4.2304119999998,"Belgium","BEL"
"1148",,51.2476519999998,4.23340949999979,"Belgium","BEL"
"1149",,50.7271649999998,4.23363549999979,"Belgium","BEL"
"1150",,50.7280719999999,4.2339244999998,"Belgium","BEL"
"1151","Manage",50.5060849999998,4.23459449999979,"Belgium","BEL"
"1153",,50.7294129999999,4.23621749999981,"Belgium","BEL"
"1156",,51.2475664999998,4.23855749999979,"Belgium","BEL"
"1157",,50.7318159999998,4.23892699999979,"Belgium","BEL"
"1159",,51.2441914999998,4.2401954999998,"Belgium","BEL"
"1160","Halle",50.7335399999998,4.2408704999998,"Belgium","BEL"
"1161","Bilbeek",50.8666234999998,4.24236149999979,"Belgium","BEL"
"1163","Bornem",51.0979504999999,4.24246399999979,"Belgium","BEL"
"1167","Morlawelz",50.4583899999998,4.24716949999979,"Belgium","BEL"
"1170",,51.2508794999999,4.2499909999998,"Belgium","BEL"
"1171",,51.2476099999998,4.2514074999998,"Belgium","BEL"
"1174",,51.2529764999998,4.25295349999979,"Belgium","BEL"
"1175",,51.2488354999998,4.25379799999979,"Belgium","BEL"
"1179",,50.7470289999999,4.25457449999979,"Belgium","BEL"
"1181",,51.2475894999998,4.25589449999978,"Belgium","BEL"
"1185","Buizingen",50.7507784999999,4.2583064999998,"Belgium","BEL"
"1186",,50.7490124999998,4.25869749999978,"Belgium","BEL"
"1189",,51.2586404999998,4.2610904999998,"Belgium","BEL"
"1190","Beveren(-Waas)",51.2088859999998,4.26113599999979,"Belgium","BEL"
"1191","Lobbes",50.3462339999998,4.26178099999979,"Belgium","BEL"
"1193","Carnières",50.4480139999998,4.26227999999981,"Belgium","BEL"
"1197",,51.2553419999998,4.26320999999979,"Belgium","BEL"
"1202","Huisingen",50.7511259999998,4.26667449999979,"Belgium","BEL"
"1204",,51.2600369999998,4.2670769999998,"Belgium","BEL"
"1205",,51.3550689999998,4.26864649999979,"Belgium","BEL"
"1208",,51.2603304999998,4.27049099999979,"Belgium","BEL"
"1210",,51.2893794999999,4.27080099999981,"Belgium","BEL"
"1213",,51.2708324999998,4.27320599999979,"Belgium","BEL"
"1214",,51.2696849999998,4.2736974999998,"Belgium","BEL"
"1215","Zellik",50.8915524999998,4.27371299999979,"Belgium","BEL"
"1217",,51.2702394999998,4.2740779999998,"Belgium","BEL"
"1218","Lot",50.7671739999998,4.27424199999979,"Belgium","BEL"
"1219",,51.2603919999999,4.27455899999978,"Belgium","BEL"
"1221",,51.2721409999998,4.27538299999981,"Belgium","BEL"
"1222",,51.0800939999998,4.27542699999981,"Belgium","BEL"
"1224",,51.2888174999999,4.27582849999979,"Belgium","BEL"
"1225",,51.2688449999998,4.2761294999998,"Belgium","BEL"
"1226",,51.0779919999999,4.27632699999981,"Belgium","BEL"
"1228",,51.2615939999998,4.27675599999981,"Belgium","BEL"
"1229",,51.2751684999998,4.27776849999981,"Belgium","BEL"
"1231",,51.2650374999998,4.2787179999998,"Belgium","BEL"
"1232","Groot-Bijgaarden",50.8687404999998,4.27917499999981,"Belgium","BEL"
"1233",,51.2604134999998,4.2792254999998,"Belgium","BEL"
"1234",,51.2832089999998,4.27934349999978,"Belgium","BEL"
"1236",,51.3541579999998,4.27955799999981,"Belgium","BEL"
"1238",,51.2854659999998,4.2797639999998,"Belgium","BEL"
"1239",,51.0782594999998,4.27979499999981,"Belgium","BEL"
"1241",,51.2455604999998,4.28056849999979,"Belgium","BEL"
"1242",,51.2678114999999,4.28061199999979,"Belgium","BEL"
"1243",,51.2671509999998,4.28146699999979,"Belgium","BEL"
"1244",,51.3509344999999,4.2817214999998,"Belgium","BEL"
"1246","Puurs",51.0777174999998,4.28281099999981,"Belgium","BEL"
"1247",,51.2891664999999,4.28354299999981,"Belgium","BEL"
"1248",,51.2611864999998,4.28386849999978,"Belgium","BEL"
"1249",,51.3359994999998,4.2842234999998,"Belgium","BEL"
"1250",,51.2677124999998,4.28431999999981,"Belgium","BEL"
"1252",,51.3401624999998,4.28486899999979,"Belgium","BEL"
"1254","Melsele",51.2109569999998,4.2850454999998,"Belgium","BEL"
"1255",,51.3378759999999,4.28517649999981,"Belgium","BEL"
"1256",,51.2651174999998,4.2853819999998,"Belgium","BEL"
"1257",,51.3536764999998,4.2858414999998,"Belgium","BEL"
"1258",,51.2444124999998,4.2862039999998,"Belgium","BEL"
"1261",,51.2680399999998,4.28771899999978,"Belgium","BEL"
"1262",,51.2428254999998,4.28772549999979,"Belgium","BEL"
"1264",,51.2923749999999,4.28805399999979,"Belgium","BEL"
"1269",,51.3418074999998,4.28948249999979,"Belgium","BEL"
"1270","Thuin",50.3429989999998,4.28967799999981,"Belgium","BEL"
"1271",,50.8841479999998,4.29115149999978,"Belgium","BEL"
"1272","Pieton",50.4347809999998,4.29116499999981,"Belgium","BEL"
"1275",,51.2916244999998,4.29175799999979,"Belgium","BEL"
"1276","Godarville",50.4931494999998,4.2917644999998,"Belgium","BEL"
"1278",,51.0757219999998,4.29197249999979,"Belgium","BEL"
"1281","Sint-Agatha-Berchem",50.8736539999998,4.29255999999981,"Belgium","BEL"
"1283",,51.2912204999998,4.2931254999998,"Belgium","BEL"
"1287",,51.2117719999999,4.29510049999979,"Belgium","BEL"
"1288","Londerzeel",51.0096899999998,4.29586649999979,"Belgium","BEL"
"1289","Ruisbroek",50.7926259999998,4.29613549999979,"Belgium","BEL"
"1290",,51.2988184999998,4.2972119999998,"Belgium","BEL"
"1292",,51.2700774999998,4.2980239999998,"Belgium","BEL"
"1296",,51.3054969999998,4.2995434999998,"Belgium","BEL"
"1300",,51.3018904999998,4.30033899999981,"Belgium","BEL"
"1302",,51.0733764999999,4.3017824999998,"Belgium","BEL"
"1303",,51.0768554999999,4.30183099999979,"Belgium","BEL"
"1305",,51.2172074999998,4.3019654999998,"Belgium","BEL"
"1309",,51.2200919999999,4.30292349999979,"Belgium","BEL"
"1312",,50.8783999999998,4.30361499999981,"Belgium","BEL"
"1313",,51.3045309999999,4.3047789999998,"Belgium","BEL"
"1315",,51.3044454999998,4.3051939999998,"Belgium","BEL"
"1316","Beersel",50.7689214999998,4.30535749999979,"Belgium","BEL"
"1318",,50.8046039999998,4.30585149999979,"Belgium","BEL"
"1319",,51.3042494999999,4.3058824999998,"Belgium","BEL"
"1322",,51.2127504999998,4.3071964999998,"Belgium","BEL"
"1324",,51.3058914999998,4.3077389999998,"Belgium","BEL"
"1327",,51.3027004999998,4.30828799999981,"Belgium","BEL"
"1328","Hourpes",50.3644184999998,4.30839799999978,"Belgium","BEL"
"1329",,50.8082314999998,4.3087959999998,"Belgium","BEL"
"1331","Vorst-Zuid",50.8099944999998,4.30967199999981,"Belgium","BEL"
"1333",,51.3068984999998,4.3099324999998,"Belgium","BEL"
"1335",,50.8186614999998,4.31031349999981,"Belgium","BEL"
"1338",,51.2130969999998,4.3114089999998,"Belgium","BEL"
"1339",,51.3034559999998,4.31166149999979,"Belgium","BEL"
"1340",,50.8183579999998,4.31241549999979,"Belgium","BEL"
"1342",,50.8165589999998,4.31501399999979,"Belgium","BEL"
"1343",,51.3046919999998,4.3152249999998,"Belgium","BEL"
"1344",,50.8799669999999,4.3152569999998,"Belgium","BEL"
"1346",,50.8206584999998,4.3163859999998,"Belgium","BEL"
"1348",,50.8800359999998,4.31659499999981,"Belgium","BEL"
"1350",,50.8229679999998,4.3177819999998,"Belgium","BEL"
"1352",,50.8246659999998,4.31879849999979,"Belgium","BEL"
"1355",,51.3058819999999,4.31921749999981,"Belgium","BEL"
"1357",,50.8357629999998,4.31999299999978,"Belgium","BEL"
"1359",,50.8222699999998,4.32011499999979,"Belgium","BEL"
"1360",,50.8268784999999,4.32023899999979,"Belgium","BEL"
"1361",,50.8224524999999,4.32030749999979,"Belgium","BEL"
"1362","Vorst-Oost",50.8095479999998,4.32059099999981,"Belgium","BEL"
"1365",,51.3120559999998,4.32117149999979,"Belgium","BEL"
"1366",,50.8332604999999,4.32176999999979,"Belgium","BEL"
"1367",,50.8296449999998,4.32189099999979,"Belgium","BEL"
"1368",,50.8239519999998,4.32209449999979,"Belgium","BEL"
"1369","West station",50.8508194999998,4.32210049999981,"Belgium","BEL"
"1370",,51.3103489999998,4.3223164999998,"Belgium","BEL"
"1371","Ukkel-Stalle",50.8024184999998,4.3236319999998,"Belgium","BEL"
"1376",,50.8293044999998,4.32458649999981,"Belgium","BEL"
"1377",,50.8248674999998,4.3247149999998,"Belgium","BEL"
"1378",,50.8263324999998,4.32503199999979,"Belgium","BEL"
"1380","Forchies",50.4330564999999,4.32542899999979,"Belgium","BEL"
"1382","Gouy-lez-Pieton",50.4975594999999,4.32568899999978,"Belgium","BEL"
"1383","Rusibroek-Sauvegarde",51.0810139999998,4.32582099999979,"Belgium","BEL"
"1384",,51.3079194999999,4.32607199999978,"Belgium","BEL"
"1385",,50.8275114999998,4.32648599999979,"Belgium","BEL"
"1388","Zwijndrecht",51.2144094999998,4.32720999999981,"Belgium","BEL"
"1389",,51.3082919999999,4.32755999999981,"Belgium","BEL"
"1391",,50.8316999999998,4.32799299999979,"Belgium","BEL"
"1394","Jette",50.8809479999998,4.32854849999978,"Belgium","BEL"
"1395","Simonis",50.8616274999999,4.3289599999998,"Belgium","BEL"
"1398","Moensberg",50.7782099999998,4.32925799999978,"Belgium","BEL"
"1399",,51.3158524999998,4.32944499999979,"Belgium","BEL"
"1403",,50.8633084999998,4.33091249999978,"Belgium","BEL"
"1404","Ukkel-Kalvoet",50.7925914999998,4.33113599999979,"Belgium","BEL"
"1405",,51.3073709999998,4.33118399999981,"Belgium","BEL"
"1408",,50.7800374999998,4.33307249999979,"Belgium","BEL"
"1411",,50.7819334999998,4.3331794999998,"Belgium","BEL"
"1412",,51.3066064999998,4.3332009999998,"Belgium","BEL"
"1415",,50.7779584999998,4.3337864999998,"Belgium","BEL"
"1416","Brussel-Zuid",50.8364534999998,4.3344389999998,"Belgium","BEL"
"1418","Nivelles",50.6002239999999,4.33505499999978,"Belgium","BEL"
"1419",,51.3090464999999,4.3351514999998,"Belgium","BEL"
"1423",,50.8814204999998,4.33629099999979,"Belgium","BEL"
"1424",,50.8355019999998,4.33635999999979,"Belgium","BEL"
"1425",,50.7794724999999,4.3370954999998,"Belgium","BEL"
"1428",,50.7744794999998,4.3378954999998,"Belgium","BEL"
"1430",,51.3004779999998,4.33849599999979,"Belgium","BEL"
"1431","Hemiksem",51.1376309999998,4.33862349999978,"Belgium","BEL"
"1432",,50.7740484999999,4.33871399999978,"Belgium","BEL"
"1435","Niel",51.1111534999998,4.33909749999981,"Belgium","BEL"
"1437",,51.3019029999998,4.3398554999998,"Belgium","BEL"
"1438",,51.3067289999998,4.3399564999998,"Belgium","BEL"
"1439","Linkebeek",50.7733044999999,4.34002049999981,"Belgium","BEL"
"1441",,50.8382689999999,4.34034749999981,"Belgium","BEL"
"1443",,50.7843939999998,4.34090499999979,"Belgium","BEL"
"1444",,51.2985199999999,4.3414769999998,"Belgium","BEL"
"1446",,51.3101819999999,4.3417684999998,"Belgium","BEL"
"1447",,50.8812449999998,4.3417694999998,"Belgium","BEL"
"1448",,51.2969369999998,4.34183099999979,"Belgium","BEL"
"1449",,51.3140139999998,4.3419144999998,"Belgium","BEL"
"1451",,50.8393454999998,4.34238449999981,"Belgium","BEL"
"1456",,51.3032689999998,4.34413949999978,"Belgium","BEL"
"1461",,50.8756299999998,4.34543549999981,"Belgium","BEL"
"1469",,51.3170554999998,4.3477244999998,"Belgium","BEL"
"1472","Hoboken-polder",51.1834264999999,4.3482209999998,"Belgium","BEL"
"1476","Brussel-Kapellekerk",50.8414804999998,4.34954249999979,"Belgium","BEL"
"1478","Landelies",50.3773849999998,4.35046749999981,"Belgium","BEL"
"1481","UNK",51.2973714999999,4.3514374999998,"Belgium","BEL"
"1485",,50.7901084999998,4.35189399999979,"Belgium","BEL"
"1491",,51.2890824999998,4.35311199999978,"Belgium","BEL"
"1492","Bockstael",50.8779414999998,4.35362749999979,"Belgium","BEL"
"1493","Holleken",50.7678499999998,4.3537929999998,"Belgium","BEL"
"1496",,51.2934804999998,4.35436849999979,"Belgium","BEL"
"1498",,51.2929994999998,4.3552199999998,"Belgium","BEL"
"1500","Willebroek",51.0664704999998,4.35588049999978,"Belgium","BEL"
"1501",,51.2903214999998,4.35606949999979,"Belgium","BEL"
"1503",,51.2951524999998,4.35615249999981,"Belgium","BEL"
"1506",,50.8765644999998,4.3575524999998,"Belgium","BEL"
"1510","Kapelle-op-den-Bos",51.0108354999998,4.3583744999998,"Belgium","BEL"
"1512","Brussel-Centraal",50.8447769999999,4.3589239999998,"Belgium","BEL"
"1513","Boom",51.0930064999998,4.35918899999979,"Belgium","BEL"
"1515",,51.2920919999999,4.3602854999998,"Belgium","BEL"
"1516",,50.8752639999998,4.36087749999979,"Belgium","BEL"
"1522","Pont-a-Celles",50.5127914999998,4.36156799999981,"Belgium","BEL"
"1523","Sint-Genesius-Rode",50.7490124999998,4.36158649999979,"Belgium","BEL"
"1529","Sint-Job",50.7939114999998,4.36243199999979,"Belgium","BEL"
"1532","Brussel-Noord",50.8598674999998,4.36275849999979,"Belgium","BEL"
"1535","Brussel-Congres",50.8491444999999,4.36325149999979,"Belgium","BEL"
"1536","Obaix-Buzet",50.5354739999999,4.36377899999979,"Belgium","BEL"
"1537","Lillois",50.6458779999998,4.3640804999998,"Belgium","BEL"
"1541",,51.2927634999998,4.36479499999979,"Belgium","BEL"
"1542",,50.8738484999998,4.3650259999998,"Belgium","BEL"
"1544",,50.8656379999998,4.36534799999978,"Belgium","BEL"
"1546",,50.8686299999999,4.3667394999998,"Belgium","BEL"
"1548",,50.8709569999998,4.36835599999981,"Belgium","BEL"
"1551","De-Hoek",50.7393884999998,4.37000599999979,"Belgium","BEL"
"1552",,50.8725549999998,4.3704509999998,"Belgium","BEL"
"1558",,50.8741599999998,4.3730434999998,"Belgium","BEL"
"1560","Brussel-Luxemburg",50.8392834999999,4.37323549999979,"Belgium","BEL"
"1565",,50.5102889999998,4.3742809999998,"Belgium","BEL"
"1567",,50.4287574999998,4.37473299999979,"Belgium","BEL"
"1568",,50.8752639999998,4.37495999999979,"Belgium","BEL"
"1570","Braine-l'Alleud",50.6830714999998,4.37527549999979,"Belgium","BEL"
"1572",,50.8714109999999,4.3758664999998,"Belgium","BEL"
"1579",,50.5079654999998,4.3779034999998,"Belgium","BEL"
"1583","Schaarbeek",50.8779039999998,4.3797619999998,"Belgium","BEL"
"1585","Brussel-Schuman",50.8448469999998,4.38056949999981,"Belgium","BEL"
"1587",,51.2897299999998,4.3810324999998,"Belgium","BEL"
"1588",,50.8785404999998,4.3811359999998,"Belgium","BEL"
"1589",,50.8683364999999,4.3812474999998,"Belgium","BEL"
"1591",,50.8790669999998,4.38223649999981,"Belgium","BEL"
"1592",,50.4274624999998,4.38267199999979,"Belgium","BEL"
"1593",,51.2010469999998,4.38275199999978,"Belgium","BEL"
"1595","Waterloo",50.7148939999998,4.38338149999979,"Belgium","BEL"
"1597","Luttre",50.5059934999998,4.3842409999998,"Belgium","BEL"
"1598",,51.2013209999998,4.3846589999998,"Belgium","BEL"
"1600",,50.8801354999999,4.38582699999981,"Belgium","BEL"
"1601",,51.2939964999998,4.38646849999981,"Belgium","BEL"
"1602",,51.2875714999998,4.38656749999979,"Belgium","BEL"
"1608",,50.8815289999998,4.3882149999998,"Belgium","BEL"
"1613",,51.1995279999998,4.3890044999998,"Belgium","BEL"
"1614","Marchienne-Zone",50.3973789999998,4.38934849999978,"Belgium","BEL"
"1615","Etterbeek",50.8197749999999,4.3897679999998,"Belgium","BEL"
"1616",,50.8838624999999,4.38994499999978,"Belgium","BEL"
"1617",,51.1991044999998,4.39002549999981,"Belgium","BEL"
"1623",,51.2881334999998,4.3911089999998,"Belgium","BEL"
"1624",,51.2871404999999,4.39112649999979,"Belgium","BEL"
"1625",,51.0122839999999,4.39116099999978,"Belgium","BEL"
"1627","Cour-sur-Heure",50.3002054999998,4.39217049999979,"Belgium","BEL"
"1631",,50.4335099999998,4.39283799999978,"Belgium","BEL"
"1632",,50.8169639999998,4.3928899999998,"Belgium","BEL"
"1633","Antwerpen-Zuid",51.1978379999998,4.39307649999981,"Belgium","BEL"
"1634","Marchienne-au-Pont",50.4130519999999,4.39314499999981,"Belgium","BEL"
"1635",,50.4401019999999,4.3931484999998,"Belgium","BEL"
"1640","Roux",50.4429174999999,4.3936764999998,"Belgium","BEL"
"1641","Meiser",50.8563389999998,4.3941954999998,"Belgium","BEL"
"1644","Boondaal",50.8029259999998,4.39463999999978,"Belgium","BEL"
"1646",,50.4112094999998,4.3955104999998,"Belgium","BEL"
"1647",,50.8144004999998,4.39551649999979,"Belgium","BEL"
"1649",,50.8841814999998,4.39679749999979,"Belgium","BEL"
"1652",,50.8070759999999,4.39737199999979,"Belgium","BEL"
"1654",,51.2879069999998,4.39788349999981,"Belgium","BEL"
"1655",,50.4100689999999,4.39793849999981,"Belgium","BEL"
"1656",,50.8157659999999,4.39875899999979,"Belgium","BEL"
"1657",,50.8092964999998,4.39881299999979,"Belgium","BEL"
"1659",,50.3910759999999,4.39978549999981,"Belgium","BEL"
"1661",,50.8115889999999,4.40030299999981,"Belgium","BEL"
"1663","Evere",50.8681264999998,4.40064199999981,"Belgium","BEL"
"1664","Courcelles-Motte",50.4634024999998,4.40070399999979,"Belgium","BEL"
"1666","Bosvoorde",50.8042724999999,4.40091649999979,"Belgium","BEL"
"1667","Merode",50.8358689999998,4.40112399999978,"Belgium","BEL"
"1670",,50.3983769999998,4.40186799999981,"Belgium","BEL"
"1671",,51.2882389999998,4.40193299999979,"Belgium","BEL"
"1674",,50.8148504999998,4.4024209999998,"Belgium","BEL"
"1676",,50.4087684999998,4.4027054999998,"Belgium","BEL"
"1677",,50.8876634999998,4.4032209999998,"Belgium","BEL"
"1680",,50.8168344999998,4.40370999999979,"Belgium","BEL"
"1681",,50.8181614999998,4.40458199999981,"Belgium","BEL"
"1683",,50.7980729999998,4.40506249999979,"Belgium","BEL"
"1685","Ham-sur-Heure",50.3215564999998,4.4052814999998,"Belgium","BEL"
"1686",,51.0156784999998,4.40531299999981,"Belgium","BEL"
"1687","Bêgnée",50.3349194999998,4.4054754999998,"Belgium","BEL"
"1688",,50.8840604999998,4.40559549999981,"Belgium","BEL"
"1690","Delta",50.8200079999998,4.40579449999979,"Belgium","BEL"
"1691",,50.8870404999998,4.40605249999979,"Belgium","BEL"
"1692",,50.4008829999999,4.40609899999978,"Belgium","BEL"
"1696","Berzée",50.2852179999998,4.40677349999979,"Belgium","BEL"
"1700",,51.2892424999998,4.4076564999998,"Belgium","BEL"
"1702",,50.4037024999998,4.4080639999998,"Belgium","BEL"
"1703","Bordet",50.8767854999998,4.40861799999979,"Belgium","BEL"
"1704",,51.2890019999998,4.40871849999979,"Belgium","BEL"
"1705",,50.8968444999998,4.40914799999979,"Belgium","BEL"
"1706","Bosvoorde",50.7932659999998,4.40946749999981,"Belgium","BEL"
"1707","Jamioulx",50.3539774999998,4.41018649999981,"Belgium","BEL"
"1710",,50.8884834999998,4.41072649999978,"Belgium","BEL"
"1711",,50.9013219999999,4.41104099999978,"Belgium","BEL"
"1714",,50.8999379999998,4.4118774999998,"Belgium","BEL"
"1716",,50.8968474999998,4.41210149999981,"Belgium","BEL"
"1717",,50.8918274999998,4.4123409999998,"Belgium","BEL"
"1718",,50.9016729999998,4.41261649999979,"Belgium","BEL"
"1719",,51.0132379999998,4.4129034999998,"Belgium","BEL"
"1722",,50.9019739999999,4.4147264999998,"Belgium","BEL"
"1725",,51.2876174999998,4.41597449999981,"Belgium","BEL"
"1726",,50.9010464999998,4.41693999999978,"Belgium","BEL"
"1727","Haren-Zuid",50.8901564999998,4.4171604999998,"Belgium","BEL"
"1729",,50.9020124999998,4.4182379999998,"Belgium","BEL"
"1730","Haren",50.8874514999999,4.41846199999981,"Belgium","BEL"
"1732",,50.8877294999998,4.4187454999998,"Belgium","BEL"
"1733","Buda",50.9085089999998,4.41905799999981,"Belgium","BEL"
"1734",,51.0135354999998,4.41915849999981,"Belgium","BEL"
"1735",,50.9011559999998,4.41962999999978,"Belgium","BEL"
"1736",,50.9047024999998,4.41971649999979,"Belgium","BEL"
"1738",,50.8894964999998,4.42054949999979,"Belgium","BEL"
"1739","Antwerpen-Centraal",51.2150159999998,4.42097999999979,"Belgium","BEL"
"1741",,50.9074974999998,4.42182399999979,"Belgium","BEL"
"1742",,50.8911059999998,4.42212799999979,"Belgium","BEL"
"1743",,50.4070094999998,4.4224959999998,"Belgium","BEL"
"1744",,51.2461284999999,4.42270149999979,"Belgium","BEL"
"1746",,51.2103819999998,4.42283499999979,"Belgium","BEL"
"1747",,51.2103814999998,4.42290299999979,"Belgium","BEL"
"1748","Groenendaallaan",51.2429319999999,4.42293699999979,"Belgium","BEL"
"1749",,51.2102464999998,4.4229454999998,"Belgium","BEL"
"1750",,50.9012314999999,4.42302149999981,"Belgium","BEL"
"1751",,51.2351854999998,4.42352149999979,"Belgium","BEL"
"1752",,51.2341964999999,4.42360499999981,"Belgium","BEL"
"1753",,51.2313869999998,4.4236439999998,"Belgium","BEL"
"1754",,51.2564494999998,4.42379149999979,"Belgium","BEL"
"1755",,50.9127964999998,4.4239899999998,"Belgium","BEL"
"1756",,50.8936579999998,4.42417649999979,"Belgium","BEL"
"1757",,50.8963954999998,4.4242044999998,"Belgium","BEL"
"1758",,51.2068204999998,4.42452449999979,"Belgium","BEL"
"1759",,50.9123469999998,4.42470799999978,"Belgium","BEL"
"1760",,50.8995214999998,4.4247454999998,"Belgium","BEL"
"1761",,50.8922279999998,4.4247669999998,"Belgium","BEL"
"1762",,50.4067924999999,4.4249704999998,"Belgium","BEL"
"1763",,51.2082264999999,4.42502949999979,"Belgium","BEL"
"1764","Antwerpen-Noorderdokken",51.2621944999999,4.42522199999979,"Belgium","BEL"
"1765","Antwerpen-Dam",51.2320259999998,4.42531749999981,"Belgium","BEL"
"1766",,50.9141049999998,4.42532649999978,"Belgium","BEL"
"1769",,51.2861639999998,4.42601349999978,"Belgium","BEL"
"1770",,51.2656434999998,4.42608149999981,"Belgium","BEL"
"1771",,51.2664339999998,4.42627899999979,"Belgium","BEL"
"1772",,50.9013849999998,4.42634849999979,"Belgium","BEL"
"1773",,50.9005629999998,4.4267734999998,"Belgium","BEL"
"1774",,51.1947464999998,4.4271199999998,"Belgium","BEL"
"1775",,51.2624979999999,4.4272464999998,"Belgium","BEL"
"1776",,50.9162144999999,4.42729449999979,"Belgium","BEL"
"1778",,51.2059254999998,4.4285399999998,"Belgium","BEL"
"1779",,51.2032134999998,4.42891349999979,"Belgium","BEL"
"1782",,50.8910254999998,4.42937799999979,"Belgium","BEL"
"1783","Pry",50.2691309999998,4.4293829999998,"Belgium","BEL"
"1784",,50.8913349999999,4.4297204999998,"Belgium","BEL"
"1785",,50.8914649999998,4.42986499999981,"Belgium","BEL"
"1786",,50.9017619999998,4.43007699999978,"Belgium","BEL"
"1787","Antwerpen-Oost",51.2077219999998,4.4303054999998,"Belgium","BEL"
"1788",,50.8912424999998,4.43059699999981,"Belgium","BEL"
"1790",,50.8922809999999,4.4307679999998,"Belgium","BEL"
"1792",,51.2699489999999,4.43113649999981,"Belgium","BEL"
"1793",,51.2004474999999,4.43132749999981,"Belgium","BEL"
"1797",,51.2015654999998,4.43246449999981,"Belgium","BEL"
"1798",,51.2873249999998,4.43274749999981,"Belgium","BEL"
"1799","Vilvoorde",50.9233444999998,4.43277899999978,"Belgium","BEL"
"1800",,50.8910104999999,4.43279949999979,"Belgium","BEL"
"1801",,50.4080559999998,4.43288999999979,"Belgium","BEL"
"1802","Antwerpen-Berchem",51.2011834999998,4.43290199999979,"Belgium","BEL"
"1803",,51.1986169999998,4.43292299999979,"Belgium","BEL"
"1804","Kapellen",51.3122299999998,4.4329284999998,"Belgium","BEL"
"1805",,51.2093139999998,4.43363699999981,"Belgium","BEL"
"1807",,51.2811779999998,4.43408649999981,"Belgium","BEL"
"1808",,50.4050224999998,4.4342584999998,"Belgium","BEL"
"1809",,50.4050029999999,4.43443449999981,"Belgium","BEL"
"1810",,51.1968489999998,4.43446399999979,"Belgium","BEL"
"1811","Ekeren",51.2823834999998,4.43447899999978,"Belgium","BEL"
"1812",,50.4085814999999,4.43451999999979,"Belgium","BEL"
"1813",,50.9027929999998,4.43458999999979,"Belgium","BEL"
"1814","Sint-Mariaburg",51.2914574999998,4.43490899999981,"Belgium","BEL"
"1816",,51.2840209999999,4.43504949999979,"Belgium","BEL"
"1817",,51.2895819999999,4.4353854999998,"Belgium","BEL"
"1818",,51.1952784999998,4.4358324999998,"Belgium","BEL"
"1819",,51.1987079999998,4.4358694999998,"Belgium","BEL"
"1826","Walcourt",50.2589189999998,4.43720549999981,"Belgium","BEL"
"1827",,51.1966824999998,4.43725649999979,"Belgium","BEL"
"1828",,50.9036319999998,4.43730199999979,"Belgium","BEL"
"1830",,51.2816674999999,4.4379524999998,"Belgium","BEL"
"1833","Charleroi-Sud",50.4045184999999,4.43902749999981,"Belgium","BEL"
"1835",,51.1946164999999,4.43964749999981,"Belgium","BEL"
"1837","Charleroi-ouest",50.4122704999998,4.44026099999979,"Belgium","BEL"
"1845","Diegem",50.8894274999998,4.4423279999998,"Belgium","BEL"
"1847",,51.1861269999998,4.44381099999978,"Belgium","BEL"
"1853","Mortsel-Deurnesteeweg",51.1824424999998,4.44708299999979,"Belgium","BEL"
"1857","Groenendaal",50.7666709999998,4.44760349999979,"Belgium","BEL"
"1861",,50.9078534999998,4.44860699999978,"Belgium","BEL"
"1862","Mortsel",51.1829109999998,4.44955099999979,"Belgium","BEL"
"1864","Essen",51.4634529999998,4.45040499999979,"Belgium","BEL"
"1869",,50.4019589999998,4.45152999999979,"Belgium","BEL"
"1873",,50.4008449999998,4.4535744999998,"Belgium","BEL"
"1875",,51.1861614999999,4.4535979999998,"Belgium","BEL"
"1877","Mortsel-Oude God",51.1721809999999,4.45492949999979,"Belgium","BEL"
"1883","Eppegem",50.9577184999998,4.4576044999998,"Belgium","BEL"
"1887",,51.1655809999998,4.4586304999998,"Belgium","BEL"
"1888",,50.9159209999999,4.45902699999979,"Belgium","BEL"
"1890",,50.3966184999998,4.45923599999981,"Belgium","BEL"
"1891",,50.9612279999998,4.46002899999979,"Belgium","BEL"
"1896","Lodelinsart",50.4327204999998,4.46169949999981,"Belgium","BEL"
"1897",,51.1596799999998,4.4619414999998,"Belgium","BEL"
"1899",,50.3990004999998,4.4627629999998,"Belgium","BEL"
"1900",,51.1625864999998,4.46279849999979,"Belgium","BEL"
"1901","Heide",51.3674509999998,4.46309549999981,"Belgium","BEL"
"1902",,50.9063964999998,4.46356599999979,"Belgium","BEL"
"1904",,51.1794594999998,4.4647314999998,"Belgium","BEL"
"1906","Hove",51.1532139999998,4.4655664999998,"Belgium","BEL"
"1908",,51.1792184999998,4.46566849999979,"Belgium","BEL"
"1909","Wildert",51.4268424999999,4.46582149999981,"Belgium","BEL"
"1910","Kijkuit",51.3797389999998,4.4662269999998,"Belgium","BEL"
"1912",,51.1808899999998,4.46629899999979,"Belgium","BEL"
"1913","Hoeilaart",50.7602694999999,4.46727799999979,"Belgium","BEL"
"1914","Kalmthout",51.3887104999998,4.4673564999998,"Belgium","BEL"
"1915",,50.3938484999998,4.46737499999981,"Belgium","BEL"
"1917",,51.1805159999998,4.46776499999979,"Belgium","BEL"
"1919",,50.9730419999999,4.46798849999979,"Belgium","BEL"
"1920",,50.9738369999998,4.46854399999981,"Belgium","BEL"
"1921",,51.1768344999998,4.4685599999998,"Belgium","BEL"
"1922",,51.1689879999998,4.4686049999998,"Belgium","BEL"
"1923","Couillet",50.3937154999998,4.4687739999998,"Belgium","BEL"
"1925",,50.9737434999998,4.46919449999979,"Belgium","BEL"
"1926","Weerde",50.9751444999998,4.46945549999981,"Belgium","BEL"
"1927","Mortsel",51.1714484999999,4.46994599999979,"Belgium","BEL"
"1929","Zaventem",50.8842359999998,4.47107149999979,"Belgium","BEL"
"1930",,50.9321209999999,4.47166199999981,"Belgium","BEL"
"1931",,51.1768194999999,4.47171999999981,"Belgium","BEL"
"1932",,51.1756329999998,4.4718684999998,"Belgium","BEL"
"1937",,50.9048679999999,4.47355299999978,"Belgium","BEL"
"1939",,51.1775939999998,4.47419599999981,"Belgium","BEL"
"1940",,50.8836404999998,4.47437699999981,"Belgium","BEL"
"1941",,51.1726804999998,4.47489249999978,"Belgium","BEL"
"1943",,51.0141794999998,4.47555649999978,"Belgium","BEL"
"1946",,50.9908014999998,4.4764719999998,"Belgium","BEL"
"1947","Kontich",51.1337094999998,4.47649899999979,"Belgium","BEL"
"1948",,51.1327099999998,4.4770589999998,"Belgium","BEL"
"1949",,50.9951389999999,4.47738749999979,"Belgium","BEL"
"1950",,51.0095409999998,4.47747749999979,"Belgium","BEL"
"1952",,51.1723444999998,4.47859299999979,"Belgium","BEL"
"1954",,51.0130239999998,4.47892349999981,"Belgium","BEL"
"1957",,50.9867954999998,4.4803579999998,"Belgium","BEL"
"1958",,51.1711159999998,4.48054449999981,"Belgium","BEL"
"1959",,50.9818709999998,4.48073099999979,"Belgium","BEL"
"1960",,51.0144239999998,4.48079149999981,"Belgium","BEL"
"1961",,50.8824659999999,4.48086549999979,"Belgium","BEL"
"1964",,51.1233794999998,4.48228549999979,"Belgium","BEL"
"1965",,51.0161319999998,4.48330299999981,"Belgium","BEL"
"1966","Mechelen",51.0163884999998,4.48368049999979,"Belgium","BEL"
"1967",,50.9830284999998,4.48378249999979,"Belgium","BEL"
"1969",,51.1688884999998,4.48401099999978,"Belgium","BEL"
"1973","Brussel-Nat-Luchthaven",50.8953939999998,4.48532849999981,"Belgium","BEL"
"1974",,50.9836719999998,4.48548299999979,"Belgium","BEL"
"1975",,51.1164404999998,4.48626949999979,"Belgium","BEL"
"1977",,51.1290669999998,4.48698499999981,"Belgium","BEL"
"1979",,51.0207044999999,4.48862699999981,"Belgium","BEL"
"1980",,50.9761134999999,4.48899749999978,"Belgium","BEL"
"1981",,50.8868944999998,4.48912149999978,"Belgium","BEL"
"1982",,50.8851124999998,4.48912299999981,"Belgium","BEL"
"1984",,51.0218279999998,4.48969349999979,"Belgium","BEL"
"1985","Couvin",50.0587394999998,4.4900269999998,"Belgium","BEL"
"1986",,51.0503794999998,4.4902954999998,"Belgium","BEL"
"1987",,51.0274054999998,4.49032399999979,"Belgium","BEL"
"1988",,51.0278634999999,4.49033349999979,"Belgium","BEL"
"1992","Mechelen-Nekkerspoel",51.0339289999998,4.49044649999979,"Belgium","BEL"
"1993","Yves-Gomezée",50.2379349999999,4.49083449999981,"Belgium","BEL"
"1996",,51.0389254999998,4.4913194999998,"Belgium","BEL"
"1997",,51.0573414999998,4.49185499999979,"Belgium","BEL"
"2001","Duffel",51.0920989999998,4.49279099999978,"Belgium","BEL"
"2002",,51.0466044999998,4.49289199999978,"Belgium","BEL"
"2006",,51.0530174999998,4.49409499999979,"Belgium","BEL"
"2009",,51.0441094999998,4.49476349999981,"Belgium","BEL"
"2011",,51.0618404999998,4.4955669999998,"Belgium","BEL"
"2012",,51.0691344999998,4.49572549999979,"Belgium","BEL"
"2013","Sint-Katelijne-Waver",51.0714464999998,4.49577599999981,"Belgium","BEL"
"2014","Boechout",51.1618084999998,4.49603499999981,"Belgium","BEL"
"2020",,51.0210159999998,4.49676399999979,"Belgium","BEL"
"2022","La-Hulpe",50.7380834999998,4.49745099999978,"Belgium","BEL"
"2023",,51.0642209999998,4.49793349999979,"Belgium","BEL"
"2026","Hofstade",50.9885414999999,4.49830899999981,"Belgium","BEL"
"2030",,50.8817479999998,4.49975049999981,"Belgium","BEL"
"2039","Nossegem",50.8828589999999,4.50497899999979,"Belgium","BEL"
"2041",,51.0152934999998,4.50583549999979,"Belgium","BEL"
"2048","Muizen",51.0099874999999,4.51218449999979,"Belgium","BEL"
"2050","Genval",50.7264829999998,4.5141959999998,"Belgium","BEL"
"2052",,50.9956594999998,4.51708349999979,"Belgium","BEL"
"2056",,50.9974369999998,4.52094799999981,"Belgium","BEL"
"2057",,51.0050319999998,4.5211069999998,"Belgium","BEL"
"2058","Châtelet",50.4097904999998,4.5214919999998,"Belgium","BEL"
"2063","Mariembourg",50.0952229999998,4.52592999999979,"Belgium","BEL"
"2076",,51.1330534999998,4.5316789999998,"Belgium","BEL"
"2082","Rixensart",50.7112929999998,4.5336594999998,"Belgium","BEL"
"2083","Villers-la-Ville",50.5777744999998,4.53495099999981,"Belgium","BEL"
"2084","Hever",50.9986004999998,4.53546799999981,"Belgium","BEL"
"2086",,50.4759989999998,4.53738899999979,"Belgium","BEL"
"2087","Philippeville",50.1910634999998,4.53775299999981,"Belgium","BEL"
"2089","La-Roche",50.6097419999998,4.53906599999979,"Belgium","BEL"
"2092",,50.4786119999999,4.54161549999981,"Belgium","BEL"
"2093","le-Campinaire",50.4234964999998,4.5421134999998,"Belgium","BEL"
"2096",,50.4740684999998,4.54405349999979,"Belgium","BEL"
"2097","Fleurus",50.4823614999999,4.5449729999998,"Belgium","BEL"
"2098","Kortenberg",50.8930209999998,4.5452869999998,"Belgium","BEL"
"2101","Faux",50.6221739999998,4.5493404999998,"Belgium","BEL"
"2102","Profondsart",50.6930544999998,4.54979599999979,"Belgium","BEL"
"2103",,51.1357844999998,4.54985149999979,"Belgium","BEL"
"2104",,51.1349074999999,4.54985499999981,"Belgium","BEL"
"2109","Tilly",50.5562594999998,4.55158799999978,"Belgium","BEL"
"2111","Farciennes",50.4293064999999,4.55271449999981,"Belgium","BEL"
"2112",,51.1352389999998,4.55289249999979,"Belgium","BEL"
"2114",,50.6858829999998,4.5572189999998,"Belgium","BEL"
"2117","Lier",51.1357804999998,4.55892599999979,"Belgium","BEL"
"2124",,50.6775324999998,4.5648544999998,"Belgium","BEL"
"2126",,50.6804474999998,4.56491849999981,"Belgium","BEL"
"2132","Ligny",50.5106969999999,4.5660144999998,"Belgium","BEL"
"2134","Ottignies",50.6758049999999,4.56636599999979,"Belgium","BEL"
"2135","Court-Saint-Etienne",50.6478999999999,4.56654649999979,"Belgium","BEL"
"2136",,50.6804739999998,4.56687399999979,"Belgium","BEL"
"2137",,50.6820799999998,4.56712049999979,"Belgium","BEL"
"2141","Céroux-Mousty",50.6580964999998,4.56898699999979,"Belgium","BEL"
"2142",,50.6844764999998,4.56901399999978,"Belgium","BEL"
"2144",,50.6625179999998,4.57003749999978,"Belgium","BEL"
"2148",,50.6667384999998,4.57096899999979,"Belgium","BEL"
"2150",,50.6647034999998,4.57183849999979,"Belgium","BEL"
"2151",,50.9820984999998,4.5728799999998,"Belgium","BEL"
"2154",,50.6675424999999,4.5737474999998,"Belgium","BEL"
"2155","Boortmeerbeek",50.9814344999998,4.57448249999979,"Belgium","BEL"
"2156","Limal",50.6924324999999,4.57498199999981,"Belgium","BEL"
"2159",,50.6582879999998,4.57722799999979,"Belgium","BEL"
"2160",,51.1419489999998,4.5789114999998,"Belgium","BEL"
"2162",,50.6559914999998,4.5808169999998,"Belgium","BEL"
"2164",,50.6542939999999,4.5838654999998,"Belgium","BEL"
"2165","Aiseau",50.4295889999999,4.5841594999998,"Belgium","BEL"
"2166",,50.6521649999999,4.58437849999979,"Belgium","BEL"
"2167",,51.1435894999998,4.58516949999981,"Belgium","BEL"
"2168","Erps-Kwerps",50.8962294999998,4.5858374999998,"Belgium","BEL"
"2170",,50.6526194999998,4.5868834999998,"Belgium","BEL"
"2171",,50.6504979999998,4.5875824999998,"Belgium","BEL"
"2173",,51.1431964999998,4.59072899999978,"Belgium","BEL"
"2174",,50.6501204999998,4.59145049999981,"Belgium","BEL"
"2175","Bierges-Walibi",50.7061124999998,4.5916449999998,"Belgium","BEL"
"2176",,51.1446994999998,4.5932559999998,"Belgium","BEL"
"2177",,50.6477704999998,4.59574799999979,"Belgium","BEL"
"2179",,50.6505689999998,4.59692949999979,"Belgium","BEL"
"2185","Wavre",50.7159124999998,4.60314549999978,"Belgium","BEL"
"2190","Tamines",50.4318399999999,4.60826449999979,"Belgium","BEL"
"2195",,50.4347154999998,4.61240649999979,"Belgium","BEL"
"2197",,50.4425469999998,4.6125399999998,"Belgium","BEL"
"2198","Mont-Saint-Guibert",50.6383904999998,4.6129204999998,"Belgium","BEL"
"2201","Haacht",50.9658169999998,4.61530249999979,"Belgium","BEL"
"2204","Louvain-La-Neuve-Univ.",50.6699379999998,4.61613699999981,"Belgium","BEL"
"2205",,50.4430049999998,4.61824399999981,"Belgium","BEL"
"2209","Kessel",51.1518334999998,4.62032549999981,"Belgium","BEL"
"2211",,50.4461674999998,4.6215209999998,"Belgium","BEL"
"2212","Basse-Wavre",50.7250089999998,4.62340849999978,"Belgium","BEL"
"2217","Noorderkempen",51.3575344999998,4.6301554999998,"Belgium","BEL"
"2218","Auvelais",50.4490934999998,4.63125099999979,"Belgium","BEL"
"2219","Veltem",50.9000134999998,4.63373399999981,"Belgium","BEL"
"2224","Blanmont",50.6191599999999,4.63636699999981,"Belgium","BEL"
"2225","Wespelaar-Tildonk",50.9591109999998,4.63686299999981,"Belgium","BEL"
"2226","Berlaar",51.1142239999998,4.63781649999979,"Belgium","BEL"
"2236","Gastuche",50.7367099999998,4.64947699999979,"Belgium","BEL"
"2237","Chastre",50.6076894999999,4.6496759999998,"Belgium","BEL"
"2245","Sint-Joris-Weert",50.8006939999999,4.65127949999979,"Belgium","BEL"
"2248","Pecrot",50.7798694999998,4.65172749999979,"Belgium","BEL"
"2250","Oud-Heverlee",50.8360184999999,4.65385999999981,"Belgium","BEL"
"2251","Florival",50.7620969999998,4.6551914999998,"Belgium","BEL"
"2252",,50.4473079999999,4.65654549999979,"Belgium","BEL"
"2255","Hambos",50.9447259999998,4.66233349999979,"Belgium","BEL"
"2256","Nijlen",51.1598899999998,4.66293149999979,"Belgium","BEL"
"2257","Jemeppe-Sur-Sambre",50.4513554999998,4.6632294999998,"Belgium","BEL"
"2263","Archennes",50.7528729999999,4.66413599999979,"Belgium","BEL"
"2264",,50.4522294999998,4.6666184999998,"Belgium","BEL"
"2266",,50.4545294999998,4.66733649999981,"Belgium","BEL"
"2267",,50.4586114999998,4.6687924999998,"Belgium","BEL"
"2269",,50.4595569999998,4.66912499999981,"Belgium","BEL"
"2270","Ernage",50.5903554999998,4.66916699999979,"Belgium","BEL"
"2273","Ham-sur-Sambre",50.4525804999998,4.6705024999998,"Belgium","BEL"
"2276",,50.4549144999998,4.67086999999981,"Belgium","BEL"
"2282","Melkhouven",51.0942769999998,4.67269499999981,"Belgium","BEL"
"2283","Herent",50.9031034999998,4.67282849999981,"Belgium","BEL"
"2285",,50.4533164999998,4.67357049999978,"Belgium","BEL"
"2286",,50.4524849999999,4.67362399999979,"Belgium","BEL"
"2292","Mazy",50.5143134999998,4.67669999999978,"Belgium","BEL"
"2293",,50.4517524999999,4.6778654999998,"Belgium","BEL"
"2298",,50.4510809999998,4.68670999999981,"Belgium","BEL"
"2304","Gembloux",50.5710569999999,4.69017549999978,"Belgium","BEL"
"2306",,50.5685999999998,4.69228249999981,"Belgium","BEL"
"2307",,50.9037859999999,4.6934454999998,"Belgium","BEL"
"2308","Heverlee",50.8619199999999,4.69357599999981,"Belgium","BEL"
"2309","Moustier",50.4528659999998,4.69422399999979,"Belgium","BEL"
"2311","Chapelle-Dieu",50.5570344999998,4.6966959999998,"Belgium","BEL"
"2313",,50.5647509999998,4.6993189999998,"Belgium","BEL"
"2316",,50.5629999999998,4.7006604999998,"Belgium","BEL"
"2317","Wijgmaal",50.9222039999999,4.7022134999998,"Belgium","BEL"
"2320",,50.9017144999999,4.7032479999998,"Belgium","BEL"
"2321",,50.5616154999998,4.70431599999981,"Belgium","BEL"
"2322",,50.9010409999999,4.7052744999998,"Belgium","BEL"
"2323",,50.8999739999998,4.70543799999979,"Belgium","BEL"
"2326",,50.9002069999999,4.70734899999979,"Belgium","BEL"
"2327",,50.9006484999998,4.70735299999978,"Belgium","BEL"
"2328",,50.9159339999999,4.7074269999998,"Belgium","BEL"
"2329",,50.9066894999998,4.70911749999979,"Belgium","BEL"
"2330",,50.8971359999998,4.70912799999979,"Belgium","BEL"
"2333",,50.9021054999998,4.7103299999998,"Belgium","BEL"
"2334",,50.9056419999998,4.71053849999979,"Belgium","BEL"
"2335",,50.9002544999998,4.71085699999981,"Belgium","BEL"
"2336","Heist-op-den-Berg",51.0725329999999,4.7111854999998,"Belgium","BEL"
"2338",,50.8983944999999,4.71139299999979,"Belgium","BEL"
"2339",,50.8943859999999,4.7124929999998,"Belgium","BEL"
"2341",,50.9036789999998,4.71357849999978,"Belgium","BEL"
"2342",,50.9007979999998,4.7139989999998,"Belgium","BEL"
"2343",,50.8991669999998,4.71436749999981,"Belgium","BEL"
"2344",,50.8864139999998,4.71472899999981,"Belgium","BEL"
"2346","Leuven",50.8813864999998,4.7161389999998,"Belgium","BEL"
"2347",,50.8686414999999,4.71741299999979,"Belgium","BEL"
"2348",,50.8727539999998,4.71855699999981,"Belgium","BEL"
"2349",,50.8713574999998,4.71878749999979,"Belgium","BEL"
"2350",,50.9046519999998,4.71972499999978,"Belgium","BEL"
"2351","Lonzée",50.5516854999998,4.7203474999998,"Belgium","BEL"
"2353",,50.9125039999998,4.72081699999978,"Belgium","BEL"
"2354",,50.8672069999998,4.7214169999998,"Belgium","BEL"
"2359",,50.8600734999998,4.73075299999979,"Belgium","BEL"
"2360",,50.8595734999998,4.73162349999978,"Belgium","BEL"
"2364",,50.8576509999998,4.7354564999998,"Belgium","BEL"
"2365","Franière",50.4388549999998,4.73593249999979,"Belgium","BEL"
"2366",,50.8465659999999,4.74168749999978,"Belgium","BEL"
"2369","Bouwel",51.1657069999999,4.7485489999998,"Belgium","BEL"
"2370","Wezemaal",50.9563569999999,4.74877949999978,"Belgium","BEL"
"2371","Beuzet",50.5333979999998,4.74909399999979,"Belgium","BEL"
"2378","Floreffe",50.4434669999999,4.76280799999981,"Belgium","BEL"
"2380","Saint-Denis-Bovesse",50.5217139999998,4.76728649999978,"Belgium","BEL"
"2384","Booischot",51.0379414999998,4.77224199999981,"Belgium","BEL"
"2387","Wolfstee",51.1686009999999,4.78608699999978,"Belgium","BEL"
"2394","Rhisnes",50.4996344999998,4.8000964999998,"Belgium","BEL"
"2400","Flawinne",50.4562534999998,4.80653749999979,"Belgium","BEL"
"2409","Aarschot",50.9846579999999,4.82331099999979,"Belgium","BEL"
"2410","Ronet",50.4567569999998,4.82669999999979,"Belgium","BEL"
"2411","Herentals",51.1806719999998,4.82696099999978,"Belgium","BEL"
"2416",,50.9950224999998,4.83224849999979,"Belgium","BEL"
"2417","Vertrijk",50.8357589999999,4.83232699999979,"Belgium","BEL"
"2419",,51.0004279999998,4.8325034999998,"Belgium","BEL"
"2422",,51.1877389999999,4.8370059999998,"Belgium","BEL"
"2423",,51.1883664999998,4.83746649999981,"Belgium","BEL"
"2425",,51.1901709999999,4.83871149999979,"Belgium","BEL"
"2426",,50.9982189999998,4.83887399999981,"Belgium","BEL"
"2428",,50.4721344999998,4.84044949999981,"Belgium","BEL"
"2429",,51.1895449999998,4.84096499999978,"Belgium","BEL"
"2434",,50.4683574999999,4.85482349999978,"Belgium","BEL"
"2437","Namur",50.4692924999999,4.86233099999978,"Belgium","BEL"
"2442","Langdorp",51.0029184999999,4.86660849999978,"Belgium","BEL"
"2443",,50.4695289999999,4.86790549999981,"Belgium","BEL"
"2447","Godinne",50.3484194999998,4.8705989999998,"Belgium","BEL"
"2453",,50.4685824999999,4.87493699999979,"Belgium","BEL"
"2455","Jambes",50.4536404999998,4.8754069999998,"Belgium","BEL"
"2457",,50.4552299999998,4.8767919999998,"Belgium","BEL"
"2462",,50.4672514999998,4.87821399999979,"Belgium","BEL"
"2463","Lustin",50.3709109999998,4.87891999999979,"Belgium","BEL"
"2467",,50.4680679999998,4.87946599999981,"Belgium","BEL"
"2473","Jambes-Est",50.4543269999998,4.88096449999981,"Belgium","BEL"
"2475",,50.4573144999999,4.88129699999979,"Belgium","BEL"
"2476","Yvoir",50.3204699999998,4.88142199999979,"Belgium","BEL"
"2478",,50.4626659999998,4.8816744999998,"Belgium","BEL"
"2479",,50.4609799999998,4.88174899999979,"Belgium","BEL"
"2484","Dave-Saint-Martin",50.4271244999998,4.8882039999998,"Belgium","BEL"
"2495","Tielen",51.2418314999998,4.89466199999978,"Belgium","BEL"
"2501","Olen",51.1741529999998,4.90076199999979,"Belgium","BEL"
"2509","Anseremme",50.2373174999998,4.90371299999978,"Belgium","BEL"
"2513","Dinant",50.2597124999998,4.90642349999979,"Belgium","BEL"
"2530","Tienen",50.8067019999998,4.92591399999981,"Belgium","BEL"
"2531","Naninne",50.4187204999998,4.9308379999998,"Belgium","BEL"
"2538","Turnhout",51.3237084999998,4.9383089999998,"Belgium","BEL"
"2542","Testelt",51.0098844999998,4.9456724999998,"Belgium","BEL"
"2545","Sart-Bernard",50.4067619999998,4.94849399999978,"Belgium","BEL"
"2552","Beauraing",50.1150899999998,4.95828799999978,"Belgium","BEL"
"2561","Marche-les-Dames",50.4809914999998,4.96531299999978,"Belgium","BEL"
"2563","Gendron-celles",50.2101939999998,4.96543749999981,"Belgium","BEL"
"2581","Gedinne",49.9864089999998,4.97787299999979,"Belgium","BEL"
"2595","Zichem",51.0067064999998,4.98727349999979,"Belgium","BEL"
"2602","Geel",51.1692124999998,4.99125099999981,"Belgium","BEL"
"2605","Ezemaal",50.7724804999998,4.99378899999979,"Belgium","BEL"
"2612","Courrière",50.3892714999998,4.9962734999998,"Belgium","BEL"
"2618","Namêche",50.4711579999998,4.9985494999998,"Belgium","BEL"
"2628","Houyet",50.1912314999998,5.0054499999998,"Belgium","BEL"
"2644","Assesse",50.3685269999998,5.0217149999998,"Belgium","BEL"
"2648","Sclaigneaux",50.4933014999998,5.02599999999978,"Belgium","BEL"
"2652","Neerwinden",50.7637869999998,5.03492649999978,"Belgium","BEL"
"2656","Graide",49.9331474999998,5.04477249999979,"Belgium","BEL"
"2659","Diest",50.9940574999999,5.04961849999981,"Belgium","BEL"
"2669","Natoye",50.3423504999998,5.0601804999998,"Belgium","BEL"
"2678","Landen",50.7480744999998,5.07947949999979,"Belgium","BEL"
"2680","Chateau-des-Seilles",50.4964049999998,5.08174449999979,"Belgium","BEL"
"2681",,50.7471319999999,5.0831474999998,"Belgium","BEL"
"2685",,50.7463689999998,5.0865454999998,"Belgium","BEL"
"2688","Calsbourg",49.9069449999998,5.08850749999979,"Belgium","BEL"
"2690","Ciney",50.2930344999998,5.0897214999998,"Belgium","BEL"
"2691",,50.7456874999998,5.0906334999998,"Belgium","BEL"
"2692",,50.7441864999998,5.09151349999979,"Belgium","BEL"
"2695","Andenne",50.4967704999999,5.09395649999979,"Belgium","BEL"
"2696",,50.7454419999999,5.09523399999981,"Belgium","BEL"
"2698",,50.7486959999999,5.09597199999979,"Belgium","BEL"
"2707",,50.7444309999998,5.10716349999979,"Belgium","BEL"
"2708","Leignon",50.2668804999998,5.10917999999978,"Belgium","BEL"
"2710","Mol",51.1905599999998,5.11400449999979,"Belgium","BEL"
"2715","Paliseul",49.8936924999998,5.12132799999981,"Belgium","BEL"
"2719","Chapois",50.2625469999998,5.1229184999998,"Belgium","BEL"
"2721",,51.1926809999999,5.12622499999981,"Belgium","BEL"
"2723",,51.1928944999999,5.12852949999979,"Belgium","BEL"
"2725",,51.1927609999998,5.1318994999998,"Belgium","BEL"
"2729",,51.1938139999998,5.1374524999998,"Belgium","BEL"
"2739","Balen",51.1680109999998,5.1665734999998,"Belgium","BEL"
"2743","Sint-truiden",50.8175514999998,5.1751749999998,"Belgium","BEL"
"2754","Schulen",50.9632534999998,5.18925049999979,"Belgium","BEL"
"2756","Bas-Oha",50.5239554999998,5.19201249999981,"Belgium","BEL"
"2757","Haversin",50.2497184999998,5.19351699999979,"Belgium","BEL"
"2770",,50.7037834999998,5.21564599999979,"Belgium","BEL"
"2772","Statte",50.5283139999999,5.2186489999998,"Belgium","BEL"
"2773",,50.7010694999998,5.21957849999978,"Belgium","BEL"
"2775",,50.7015629999999,5.2235129999998,"Belgium","BEL"
"2779",,50.7020954999998,5.22777099999979,"Belgium","BEL"
"2785","Huy",50.5278669999998,5.2324184999998,"Belgium","BEL"
"2787","Beringen",51.0519259999998,5.23325349999979,"Belgium","BEL"
"2791","Beringen",51.0899919999999,5.2350624999998,"Belgium","BEL"
"2796",,50.6961979999998,5.2425934999998,"Belgium","BEL"
"2802","Waremme",50.6947524999999,5.2478284999998,"Belgium","BEL"
"2812","Leopoldsburg",51.1175689999998,5.2563024999998,"Belgium","BEL"
"2819",,49.8561099999998,5.26376449999981,"Belgium","BEL"
"2820","Jemelle",50.1597144999998,5.2650949999998,"Belgium","BEL"
"2821",,49.8569749999998,5.26522499999979,"Belgium","BEL"
"2822",,49.8550689999998,5.2662654999998,"Belgium","BEL"
"2829","Bertrix",49.8508764999999,5.26891799999979,"Belgium","BEL"
"2839","Forrières",50.1321719999999,5.27425349999979,"Belgium","BEL"
"2847","Grupont",50.0897184999998,5.27977999999979,"Belgium","BEL"
"2848","Heusden",51.0382659999999,5.28030149999981,"Belgium","BEL"
"2854","Bleret",50.6852079999998,5.2850009999998,"Belgium","BEL"
"2858","Ampsin",50.5395549999998,5.2894464999998,"Belgium","BEL"
"2859","Poix-Saint-Hubert",50.0193259999998,5.2901429999998,"Belgium","BEL"
"2862","Alken",50.8860859999998,5.29153199999979,"Belgium","BEL"
"2870",,50.9377709999999,5.2967499999998,"Belgium","BEL"
"2872",,50.9367604999998,5.30100349999981,"Belgium","BEL"
"2873","Aye",50.2238544999998,5.30156049999979,"Belgium","BEL"
"2874",,50.1908839999998,5.30266599999979,"Belgium","BEL"
"2879","Lommel",51.2109454999998,5.30916199999979,"Belgium","BEL"
"2886",,50.2010429999999,5.31217149999981,"Belgium","BEL"
"2890",,50.9421089999998,5.31320499999978,"Belgium","BEL"
"2891","Marloie",50.2025074999999,5.31354299999978,"Belgium","BEL"
"2893",,50.9337159999998,5.31395499999979,"Belgium","BEL"
"2898",,50.2041634999999,5.31560049999979,"Belgium","BEL"
"2899",,50.9332584999999,5.31591699999979,"Belgium","BEL"
"2904","Amay",50.5456854999998,5.32035399999978,"Belgium","BEL"
"2905",,50.9441684999998,5.32093949999978,"Belgium","BEL"
"2906","Remicourt",50.6784329999998,5.32236499999979,"Belgium","BEL"
"2909",,50.9470589999999,5.3247924999998,"Belgium","BEL"
"2911","Zolder",51.0338219999998,5.3271474999998,"Belgium","BEL"
"2913","Hasselt",50.9301954999999,5.3274724999998,"Belgium","BEL"
"2914",,50.9500354999998,5.32817849999981,"Belgium","BEL"
"2918","Haute-Flône",50.5536884999999,5.33067599999978,"Belgium","BEL"
"2919",,50.9519044999998,5.3326964999998,"Belgium","BEL"
"2920","Florenville",49.7070659999999,5.3330679999998,"Belgium","BEL"
"2922",,50.9247979999998,5.3337524999998,"Belgium","BEL"
"2924",,50.9236154999998,5.33637149999979,"Belgium","BEL"
"2926",,50.9176294999998,5.3367499999998,"Belgium","BEL"
"2930",,50.9221959999998,5.3412269999998,"Belgium","BEL"
"2932",,50.9621549999999,5.34185399999978,"Belgium","BEL"
"2935","Keiwit",50.9539799999998,5.34559149999978,"Belgium","BEL"
"2939","Zonhoven",50.9917489999998,5.34839349999979,"Belgium","BEL"
"2941","Marche-en-Famenne",50.2239534999999,5.3487254999998,"Belgium","BEL"
"2957",,49.9247709999999,5.3622229999998,"Belgium","BEL"
"2965","Momalle",50.6696629999998,5.3685629999998,"Belgium","BEL"
"2968",,49.9219479999998,5.3692604999998,"Belgium","BEL"
"2969",,49.9222874999998,5.3736379999998,"Belgium","BEL"
"2971",,49.9209099999999,5.3774304999998,"Belgium","BEL"
"2974","Libramont",49.9198039999999,5.37972049999979,"Belgium","BEL"
"2988","Fexhe-le-Haut-Clocher",50.6643609999998,5.39649699999978,"Belgium","BEL"
"2996","Engis",50.5840194999998,5.4005334999998,"Belgium","BEL"
"3005","Bokrijk",50.9562004999999,5.4107644999998,"Belgium","BEL"
"3011","Diepenbeek",50.9113509999999,5.41794449999981,"Belgium","BEL"
"3016","Overpelt",51.2152939999998,5.42308799999981,"Belgium","BEL"
"3018","Voroux-Goreux",50.6616704999998,5.43025649999979,"Belgium","BEL"
"3021",,50.6612744999998,5.4344729999998,"Belgium","BEL"
"3023","Neerpelt",51.2211304999998,5.43677199999979,"Belgium","BEL"
"3025",,50.6632239999998,5.4374224999998,"Belgium","BEL"
"3031","Melreux-Hotton",50.2846569999998,5.44230299999978,"Belgium","BEL"
"3036",,50.6593789999998,5.44798899999981,"Belgium","BEL"
"3041","Flémalle-Haute",50.5960314999998,5.45366049999978,"Belgium","BEL"
"3042","Neufchâteau",49.8530889999998,5.45374099999981,"Belgium","BEL"
"3043",,50.6573249999998,5.45393149999978,"Belgium","BEL"
"3045",,50.5972564999998,5.45669849999979,"Belgium","BEL"
"3047",,50.6586099999998,5.45912999999979,"Belgium","BEL"
"3049",,50.9648669999999,5.45979449999979,"Belgium","BEL"
"3052","Bierset-Awans",50.6586384999999,5.46115999999981,"Belgium","BEL"
"3058",,50.5968439999998,5.4652254999998,"Belgium","BEL"
"3059",,50.6011064999998,5.46597749999981,"Belgium","BEL"
"3060",,50.9673504999998,5.46665049999979,"Belgium","BEL"
"3061",,50.9678349999998,5.4678834999998,"Belgium","BEL"
"3062","Leman",50.6020014999998,5.4681409999998,"Belgium","BEL"
"3064",,50.9712069999999,5.47045799999981,"Belgium","BEL"
"3066",,50.9738429999998,5.47137749999979,"Belgium","BEL"
"3069",,50.9694219999998,5.47307699999979,"Belgium","BEL"
"3070","Tongeren",50.7859654999998,5.4732314999998,"Belgium","BEL"
"3071",,50.9669999999998,5.4735249999998,"Belgium","BEL"
"3076",,50.9658699999999,5.47444149999978,"Belgium","BEL"
"3079",,50.9647564999999,5.47487049999978,"Belgium","BEL"
"3080",,50.5976529999998,5.4748749999998,"Belgium","BEL"
"3083",,50.9696319999998,5.47653399999979,"Belgium","BEL"
"3087","Flémalle-Grande",50.6061634999998,5.47797249999979,"Belgium","BEL"
"3122","Genk",50.9677549999998,5.49806899999979,"Belgium","BEL"
"3128","Jemeppe-sur-Meuse",50.6191449999998,5.5002714999998,"Belgium","BEL"
"3133",,50.8848309999998,5.5029259999998,"Belgium","BEL"
"3136","Barvaux",50.3490299999998,5.50418049999979,"Belgium","BEL"
"3138",,50.8835414999998,5.50629549999979,"Belgium","BEL"
"3140",,50.8806999999998,5.5068219999998,"Belgium","BEL"
"3142","Ans",50.6613429999998,5.50861599999979,"Belgium","BEL"
"3143",,50.8734924999999,5.50864849999979,"Belgium","BEL"
"3144","Bilzen",50.8699044999998,5.50965149999979,"Belgium","BEL"
"3148",,50.7621079999998,5.51033049999978,"Belgium","BEL"
"3155","Pont-de-Seraing",50.6210549999998,5.5155134999998,"Belgium","BEL"
"3158","Virton",49.5603944999998,5.51773649999978,"Belgium","BEL"
"3163","Bomal",50.3787619999999,5.51897599999978,"Belgium","BEL"
"3166","Sy",50.4031259999998,5.52263599999981,"Belgium","BEL"
"3180",,50.7522094999999,5.53418149999979,"Belgium","BEL"
"3182","Glons",50.7488674999998,5.53531049999978,"Belgium","BEL"
"3183","Hamoir",50.4288029999998,5.53544699999981,"Belgium","BEL"
"3186",,50.7504399999999,5.5384199999998,"Belgium","BEL"
"3187","Marbehan",49.7293134999998,5.53926849999979,"Belgium","BEL"
"3193","UNK",51.2460534999998,5.54358149999979,"Belgium","BEL"
"3204","Sclessin",50.6132854999998,5.55101199999979,"Belgium","BEL"
"3206",,50.6157229999998,5.5515249999998,"Belgium","BEL"
"3209",,50.6126444999998,5.55405949999979,"Belgium","BEL"
"3212",,50.6047949999999,5.5563669999998,"Belgium","BEL"
"3213",,50.6083294999999,5.55705749999979,"Belgium","BEL"
"3217",,50.6356129999998,5.5586499999998,"Belgium","BEL"
"3218",,50.6051259999998,5.56021849999979,"Belgium","BEL"
"3220",,50.6131329999998,5.56181149999981,"Belgium","BEL"
"3221",,50.6346819999999,5.5618484999998,"Belgium","BEL"
"3222","Liège-Jonfosse",50.6406199999998,5.56197749999978,"Belgium","BEL"
"3224",,50.6292559999999,5.56298949999979,"Belgium","BEL"
"3225","Liers",50.6982884999998,5.56521899999979,"Belgium","BEL"
"3227","Liège-Guillemin",50.6255384999998,5.56567949999979,"Belgium","BEL"
"3230","Comblain-la-Tour",50.4576419999999,5.56748349999978,"Belgium","BEL"
"3231",,50.6238944999998,5.56759699999981,"Belgium","BEL"
"3233",,50.6183544999998,5.5680044999998,"Belgium","BEL"
"3237","Liège-Palais",50.6470724999998,5.56892399999978,"Belgium","BEL"
"3238",,50.6225784999998,5.5695349999998,"Belgium","BEL"
"3241",,50.6075059999998,5.5723519999998,"Belgium","BEL"
"3248","Hony",50.5411799999999,5.57377299999979,"Belgium","BEL"
"3249","Esneux",50.5306444999999,5.57384999999979,"Belgium","BEL"
"3253","Poulseur",50.5103724999998,5.57920249999981,"Belgium","BEL"
"3256",,50.6166289999998,5.58115049999981,"Belgium","BEL"
"3257","Tilff",50.5704544999998,5.5812564999998,"Belgium","BEL"
"3259",,50.6162844999998,5.58223099999981,"Belgium","BEL"
"3263",,50.6123814999999,5.58263549999978,"Belgium","BEL"
"3264",,50.6160319999998,5.5830229999998,"Belgium","BEL"
"3265",,50.6159019999998,5.58304899999979,"Belgium","BEL"
"3266",,50.6131579999998,5.58360149999979,"Belgium","BEL"
"3267",,50.6158039999999,5.58371349999979,"Belgium","BEL"
"3270",,50.6152194999999,5.58548549999981,"Belgium","BEL"
"3271",,50.6155179999998,5.58565899999979,"Belgium","BEL"
"3275","Méry",50.5480479999999,5.5865339999998,"Belgium","BEL"
"3276","Rivage",50.4867774999998,5.58669449999979,"Belgium","BEL"
"3277",,50.6174619999998,5.58678949999978,"Belgium","BEL"
"3278",,50.4836314999998,5.58686449999979,"Belgium","BEL"
"3279",,50.6219674999998,5.58719099999979,"Belgium","BEL"
"3281",,50.6152409999999,5.58753999999979,"Belgium","BEL"
"3282",,50.6143919999998,5.5879629999998,"Belgium","BEL"
"3284",,50.6140409999998,5.58856949999981,"Belgium","BEL"
"3287",,50.4794579999999,5.59009949999981,"Belgium","BEL"
"3295",,50.4824184999999,5.59476799999979,"Belgium","BEL"
"3296","Angleur",50.6116489999998,5.59551399999978,"Belgium","BEL"
"3298","Milmont",50.6929709999998,5.59763099999981,"Belgium","BEL"
"3301",,50.6108449999998,5.59868349999979,"Belgium","BEL"
"3304",,50.6102224999998,5.60111649999979,"Belgium","BEL"
"3309",,50.6071629999998,5.60444049999978,"Belgium","BEL"
"3311",,50.6093034999998,5.60473099999979,"Belgium","BEL"
"3315","Bressoux",50.6446384999998,5.61242349999981,"Belgium","BEL"
"3321","Chênée",50.6073959999999,5.61768949999978,"Belgium","BEL"
"3322",,50.6070559999998,5.6197079999998,"Belgium","BEL"
"3324","Herstal",50.6635024999999,5.6218489999998,"Belgium","BEL"
"3326",,50.6046099999998,5.6232879999998,"Belgium","BEL"
"3328",,50.6049579999998,5.62608449999979,"Belgium","BEL"
"3335","Habay",49.7183884999998,5.6326439999998,"Belgium","BEL"
"3356",,50.8844114999998,5.65820549999978,"Belgium","BEL"
"3358",,50.8822749999999,5.65949749999979,"Belgium","BEL"
"3361",,50.8817064999998,5.6634554999998,"Belgium","BEL"
"3364","Aywaille",50.4720009999998,5.67166749999978,"Belgium","BEL"
"3370","Trooz",50.5738224999998,5.6869279999998,"Belgium","BEL"
"3376",,50.7448314999998,5.69033099999979,"Belgium","BEL"
"3379","Visé",50.7395614999998,5.6941879999998,"Belgium","BEL"
"3380",,50.7444569999998,5.69426949999979,"Belgium","BEL"
"3382",,50.7499094999998,5.69648949999979,"Belgium","BEL"
"3384",,50.7514184999998,5.69811949999979,"Belgium","BEL"
"3386",,50.7437609999998,5.70161449999981,"Belgium","BEL"
"3387",,50.7555559999998,5.70172049999979,"Belgium","BEL"
"3389",,50.7435539999998,5.7038669999998,"Belgium","BEL"
"3391",,50.7511534999998,5.70503399999978,"Belgium","BEL"
"3394",,50.7461629999999,5.7075284999998,"Belgium","BEL"
"3396",,50.7429844999998,5.71041649999981,"Belgium","BEL"
"3406","Fraipont",50.5648544999999,5.72368999999981,"Belgium","BEL"
"3420","Nessonvaux",50.5711979999998,5.74097449999979,"Belgium","BEL"
"3421","Halanzy",49.5559039999999,5.74185449999979,"Belgium","BEL"
"3442","Stockem",49.6909069999998,5.7669319999998,"Belgium","BEL"
"3458","Viville",49.6883474999998,5.7861009999998,"Belgium","BEL"
"3471","Aubange",49.5630709999998,5.80055199999978,"Belgium","BEL"
"3477","Pepinster-Cité",50.5641979999998,5.80531499999981,"Belgium","BEL"
"3478",,50.5668264999998,5.8053864999998,"Belgium","BEL"
"3480","Pepinster",50.5680279999999,5.8062429999998,"Belgium","BEL"
"3483",,50.5680734999999,5.80775849999981,"Belgium","BEL"
"3486","Arlon",49.6795809999998,5.80837599999978,"Belgium","BEL"
"3489","Justenville",50.5439684999998,5.8108579999998,"Belgium","BEL"
"3495",,49.5582114999999,5.81401299999979,"Belgium","BEL"
"3500","Theux",50.5359769999998,5.81735749999979,"Belgium","BEL"
"3505","Messancy",49.5939844999998,5.81920449999978,"Belgium","BEL"
"3506",,49.5559439999998,5.81927999999979,"Belgium","BEL"
"3510",,50.5686499999998,5.8215074999998,"Belgium","BEL"
"3511",,49.5535069999999,5.82207449999979,"Belgium","BEL"
"3512",,49.5519694999998,5.82247899999979,"Belgium","BEL"
"3514",,49.5520854999998,5.82313049999979,"Belgium","BEL"
"3515","Franchimont",50.5237394999998,5.82324749999981,"Belgium","BEL"
"3516",,49.5509284999999,5.82384299999978,"Belgium","BEL"
"3517",,49.5545314999999,5.82404699999981,"Belgium","BEL"
"3518",,49.5523639999998,5.82469699999979,"Belgium","BEL"
"3519",,49.5488464999999,5.82518049999979,"Belgium","BEL"
"3520",,49.5566584999999,5.82725149999979,"Belgium","BEL"
"3525",,49.5629219999998,5.8294554999998,"Belgium","BEL"
"3527","Athus",49.5651319999998,5.83051799999978,"Belgium","BEL"
"3535",,49.6468474999998,5.83598999999978,"Belgium","BEL"
"3541",,49.6435029999998,5.84283399999978,"Belgium","BEL"
"3544",,49.6408084999998,5.84512899999979,"Belgium","BEL"
"3551",,49.6418839999998,5.84940799999978,"Belgium","BEL"
"3555","Verviers-Central",50.5868269999998,5.85452999999978,"Belgium","BEL"
"3556","Spa",50.4894184999998,5.85525749999979,"Belgium","BEL"
"3564","Verviers-Palais",50.5921639999999,5.86325649999981,"Belgium","BEL"
"3567","Spa-Géronstère",50.4887624999998,5.86576499999978,"Belgium","BEL"
"3571","Trois-Ponts",50.3692059999998,5.8735594999998,"Belgium","BEL"
"3580","Coo",50.3863184999998,5.8794024999998,"Belgium","BEL"
"3609","Vielsalm",50.2791104999998,5.90793349999979,"Belgium","BEL"
"3632","Dolhain-Gileppe",50.6196174999998,5.93544899999981,"Belgium","BEL"
"3637",,50.6471329999999,5.9466969999998,"Belgium","BEL"
"3640","Gouvy",50.1890424999998,5.95404249999979,"Belgium","BEL"
"3642",,50.6443219999998,5.95451449999979,"Belgium","BEL"
"3643",,50.6462704999998,5.95728649999978,"Belgium","BEL"
"3644",,50.6482054999998,5.95857749999979,"Belgium","BEL"
"3645",,50.7185479999998,5.9600824999998,"Belgium","BEL"
"3647",,50.7180294999998,5.9627949999998,"Belgium","BEL"
"3648",,50.6575974999998,5.96323949999979,"Belgium","BEL"
"3652",,50.7160839999999,5.9679284999998,"Belgium","BEL"
"3653",,50.7172204999999,5.96889099999979,"Belgium","BEL"
"3655",,50.6596989999998,5.9691684999998,"Belgium","BEL"
"3656",,50.6592219999998,5.9712039999998,"Belgium","BEL"
"3657",,50.6448579999998,5.97128099999981,"Belgium","BEL"
"3659","Welkenraedt",50.6595044999999,5.9747289999998,"Belgium","BEL"
"3660",,50.6598744999998,5.98063399999978,"Belgium","BEL"
"3662",,50.6600379999998,5.98231249999981,"Belgium","BEL"
"3663",,50.6610304999998,5.98688949999979,"Belgium","BEL"
"3664",,50.6597139999998,5.98705249999981,"Belgium","BEL"
"3678",,50.6504179999998,6.00929049999979,"Belgium","BEL"
"3680",,50.6544144999998,6.0099289999998,"Belgium","BEL"
"3681",,50.6520619999998,6.01221849999979,"Belgium","BEL"
"3684",,50.6467594999998,6.01799599999978,"Belgium","BEL"
"3694","Hergenrath",50.7094439999998,6.04230899999979,"Belgium","BEL"
"3696",,50.6745959999998,6.04276949999979,"Belgium","BEL"
"3697",,50.7081149999999,6.04358049999979,"Belgium","BEL"
"3698","Eupen",50.6345409999998,6.04366999999979,"Belgium","BEL"
"3700",,50.6952669999998,6.04706149999978,"Belgium","BEL"
"3701",,50.7003484999998,6.04797199999979,"Belgium","BEL"
"3704",,50.6940369999998,6.05083999999979,"Belgium","BEL"
